CODIGO_BARRAS_SKU,CATEGORIA_SKU,MARCA_SKU,PROVEEDOR_SKU
99087187,C340,OTRAS MARCAS,OTROS PROVEEDORES
95111198,C340,OTRAS MARCAS,OTROS PROVEEDORES
93510361,C158,M1645,P4207
91581781,C158,M1645,P4207
99331155,C158,M1645,P4207
96275664,C158,M1645,P4207
98808691,C158,M1672,P4207
94803898,C158,M1672,P4207
93812695,C158,M1672,P4207
94993987,C158,M1672,P4207
97120686,C158,M1672,P4207
97114106,C353,M6800,P9774
97971498,C353,M6800,P9774
98259781,C457,M8276,P4872
92560219,C353,M2090,P100
95096221,C749,OTRAS MARCAS,OTROS PROVEEDORES
92822506,C920,OTRAS MARCAS,OTROS PROVEEDORES
95905365,C575,M3959,P4872
96525831,C158,OTRAS MARCAS,OTROS PROVEEDORES
90452684,C457,OTRAS MARCAS,OTROS PROVEEDORES
93837885,C158,OTRAS MARCAS,OTROS PROVEEDORES
97385868,C158,M8798,P143
90989735,C158,M8798,P143
98588270,C158,M8798,P143
98602738,C158,M8798,P143
98501446,C158,M8798,P143
99925858,C353,M783,P1532
91116673,C158,M2841,P6350
95368928,C158,OTRAS MARCAS,OTROS PROVEEDORES
99187744,C158,OTRAS MARCAS,OTROS PROVEEDORES
90361136,C158,OTRAS MARCAS,OTROS PROVEEDORES
98668191,C158,OTRAS MARCAS,OTROS PROVEEDORES
97484044,C158,M2841,P6350
90207643,C158,OTRAS MARCAS,OTROS PROVEEDORES
96357461,C158,M8687,OTROS PROVEEDORES
96433431,C575,M8225,OTROS PROVEEDORES
91083346,C575,M8458,P4112
97590557,C575,OTRAS MARCAS,P4112
98204097,C158,M8687,OTROS PROVEEDORES
98438802,C158,OTRAS MARCAS,OTROS PROVEEDORES
95814707,C158,OTRAS MARCAS,OTROS PROVEEDORES
90829513,C158,OTRAS MARCAS,OTROS PROVEEDORES
96820041,C158,M8687,OTROS PROVEEDORES
94142859,C158,M8687,OTROS PROVEEDORES
91090555,C340,OTRAS MARCAS,OTROS PROVEEDORES
90660166,C340,M8261,P3738
95055149,C158,OTRAS MARCAS,OTROS PROVEEDORES
90569099,C158,OTRAS MARCAS,OTROS PROVEEDORES
98931623,C158,OTRAS MARCAS,OTROS PROVEEDORES
98869043,C158,OTRAS MARCAS,OTROS PROVEEDORES
93290791,C158,OTRAS MARCAS,OTROS PROVEEDORES
97908349,C158,M2841,P6350
93976904,C749,M536,P9514
95111198,C340,OTRAS MARCAS,OTROS PROVEEDORES
98277170,C340,OTRAS MARCAS,OTROS PROVEEDORES
97746501,C340,OTRAS MARCAS,OTROS PROVEEDORES
93510361,C158,M1645,P4207
91581781,C158,M1645,P4207
99331155,C158,M1645,P4207
92700282,C158,M1645,P4207
96275664,C158,M1645,P4207
94318042,C158,M1672,P4207
98808691,C158,M1672,P4207
94803898,C158,M1672,P4207
93812695,C158,M1672,P4207
94993987,C158,M1672,P4207
99370239,C158,M1672,P4207
97120686,C158,M1672,P4207
98131126,C749,M9037,P6496
99840124,C575,M9037,P6496
96069234,C749,M9037,P6496
90243774,C575,M9037,P6496
99705794,C920,M9037,P6496
96478435,C749,M9037,P6496
96090291,C749,M9037,P6496
98008795,C749,M9037,P6496
94045800,C749,M9037,P6496
90602821,C749,M9037,P6496
90086994,C749,M9037,P6496
98092121,C749,M9037,P6496
98126674,C575,M9037,P6496
94364678,C575,M9037,P6496
95311084,C575,M9037,P6496
95840869,C158,M9037,P6496
98120008,C920,M9037,P6496
96906837,C158,M9037,P6496
99956947,C158,M9037,P6496
96180524,C920,M9037,P6496
95838573,C920,M9037,P6496
97042258,C920,M9037,P6496
90501619,C920,M9037,P6496
96484688,C158,M9037,P6496
91850639,C575,M11,P6496
94370574,C158,M9037,P6496
90315464,C158,M9037,P6496
97180489,C749,M11,P6496
90666377,C920,M11,P6496
91673817,C158,M9037,P6496
99243642,C158,M9037,P6496
94219841,C158,M9037,P6496
92949736,C158,M9037,P6496
97114106,C353,M6800,P9774
98032531,C457,M7182,P9774
98227042,C920,M6800,P9774
96354256,C353,M6800,P9774
91171679,C353,M7182,P9774
98522505,C457,M6800,P9774
99414437,C457,M6800,P9774
96466920,C457,M6800,P9774
93300297,C457,M6800,P9774
90627216,C457,M6800,P9774
91831012,C457,M6800,P9774
96012295,C457,M7182,P9774
96249078,C457,M6800,P9774
90018428,C749,M6800,P9774
95789929,C457,M6800,P9774
96730603,C457,M6800,P9774
92268023,C168,M6800,P9774
93255461,C457,M6800,P9774
96379116,C340,M387,P9224
91167619,C353,M387,P9224
92044524,C353,M4098,P2048
99987736,C353,M4098,P2048
94415758,C457,OTRAS MARCAS,OTROS PROVEEDORES
93536972,C168,M8458,P4112
94348625,C168,M8458,P4112
92077479,C168,M8458,P4112
91810753,C168,M8458,P4112
93298291,C168,M8458,P4112
95498609,C168,M8458,P4112
99494821,C168,M8458,P4112
98011753,C168,M8458,P4112
97240076,C168,M8458,P4112
98472188,C168,M8458,P4112
94965377,C168,M8458,P4112
91953792,C168,M8458,P4112
94031087,C168,M8458,P4112
94896633,C168,M8458,P4112
95784835,C168,M8458,P4112
92692745,C168,M8458,P4112
91802645,C168,M8458,P4112
95179574,C168,M8458,P4112
94159292,C168,M8458,P4112
96059005,C168,M8458,P4112
91496275,C575,M8458,P4112
95000559,C168,M8458,P4112
99265644,C168,M8458,P4112
97217373,C749,M8938,P4877
90432779,C749,M8938,P4877
95544759,C353,M4098,P2048
96940309,C353,M4098,P2048
92587046,C158,OTRAS MARCAS,OTROS PROVEEDORES
92803462,C457,M6800,P9774
94924396,C457,M8276,P4872
90015668,C457,OTRAS MARCAS,OTROS PROVEEDORES
97140276,C749,M536,P9514
98040550,C457,M6800,P9774
94940999,C457,OTRAS MARCAS,OTROS PROVEEDORES
90985206,C353,M7054,P1832
91888034,C340,OTRAS MARCAS,OTROS PROVEEDORES
99558213,C168,M7806,P1177
99746740,C168,M7806,P1177
94168007,C168,M7806,P1177
96019422,C168,M7806,P1177
92977350,C168,M7806,P1177
97988785,C168,OTRAS MARCAS,P4872
90792689,C575,OTRAS MARCAS,OTROS PROVEEDORES
92378304,C575,OTRAS MARCAS,OTROS PROVEEDORES
96872106,C575,OTRAS MARCAS,OTROS PROVEEDORES
90387955,C575,OTRAS MARCAS,OTROS PROVEEDORES
90936743,C575,OTRAS MARCAS,OTROS PROVEEDORES
96317312,C920,OTRAS MARCAS,OTROS PROVEEDORES
96525831,C158,OTRAS MARCAS,OTROS PROVEEDORES
90452684,C457,OTRAS MARCAS,OTROS PROVEEDORES
91282632,C158,OTRAS MARCAS,OTROS PROVEEDORES
94104168,C158,OTRAS MARCAS,OTROS PROVEEDORES
94199876,C158,OTRAS MARCAS,OTROS PROVEEDORES
92849372,C158,OTRAS MARCAS,OTROS PROVEEDORES
91003400,C353,OTRAS MARCAS,OTROS PROVEEDORES
94826452,C353,OTRAS MARCAS,OTROS PROVEEDORES
90989735,C158,M8798,P143
98588270,C158,M8798,P143
98501446,C158,M8798,P143
94986479,C340,OTRAS MARCAS,OTROS PROVEEDORES
99925858,C353,M783,P1532
93219115,C353,M9327,P1532
97484044,C158,M2841,P6350
90207643,C158,OTRAS MARCAS,OTROS PROVEEDORES
96357461,C158,M8687,OTROS PROVEEDORES
91174344,C158,M2841,P6350
95663401,C158,M2841,P6350
91666299,C158,M8687,OTROS PROVEEDORES
92955553,C158,M8687,OTROS PROVEEDORES
95931327,C158,OTRAS MARCAS,OTROS PROVEEDORES
98802359,C575,OTRAS MARCAS,OTROS PROVEEDORES
91565928,C457,OTRAS MARCAS,OTROS PROVEEDORES
90479214,C457,OTRAS MARCAS,OTROS PROVEEDORES
98464881,C920,OTRAS MARCAS,OTROS PROVEEDORES
98204097,C158,M8687,OTROS PROVEEDORES
99837638,C158,M5702,P3214
96860183,C575,OTRAS MARCAS,OTROS PROVEEDORES
97442858,C158,M8687,OTROS PROVEEDORES
90502430,C158,M8687,OTROS PROVEEDORES
98642966,C158,M8687,OTROS PROVEEDORES
94142859,C158,M8687,OTROS PROVEEDORES
91090555,C340,OTRAS MARCAS,OTROS PROVEEDORES
90660166,C340,M8261,P3738
95055149,C158,OTRAS MARCAS,OTROS PROVEEDORES
97806831,C158,OTRAS MARCAS,OTROS PROVEEDORES
90569099,C158,OTRAS MARCAS,OTROS PROVEEDORES
98869043,C158,OTRAS MARCAS,OTROS PROVEEDORES
98410176,C158,OTRAS MARCAS,OTROS PROVEEDORES
99675484,C158,M5702,P3214
90086206,C158,M5702,P3214
92235499,C158,M5702,P3214
96644114,C158,M1645,P4207
92505339,C158,OTRAS MARCAS,OTROS PROVEEDORES
95026983,C158,M2841,P6350
94132823,C158,M2841,P6350
93629288,C353,M3119,P4872
94753648,C353,M1619,OTROS PROVEEDORES
99027665,C353,M3119,P4872
97543395,C920,M9037,P6496
94714974,C920,M9037,P6496
98087328,C457,M9037,P6496
97578382,C457,M536,P9514
91578229,C749,M9037,P6496
95782324,C575,M9037,P6496
99840124,C575,M9037,P6496
99536111,C575,M9037,P6496
99773401,C575,M9037,P6496
95686521,C575,M9037,P6496
92192455,C749,M9037,P6496
98319887,C575,M9037,P6496
96869608,C575,M9037,P6496
92511832,C575,M9037,P6496
90243774,C575,M9037,P6496
96488486,C920,M9037,P6496
97877264,C353,M3119,P4872
94891328,C920,M9037,P6496
99705794,C920,M9037,P6496
99528745,C457,M9424,P4872
99847993,C920,M9037,P6496
98849137,C920,M9037,P6496
90939749,C920,M9037,P6496
94573416,C920,M9037,P6496
96755515,C575,M9037,P6496
96391498,C920,M9037,P6496
94571849,C575,M9037,P6496
92722258,C920,M9037,P6496
91100516,C920,M9037,P6496
98342277,C457,M9037,P6496
99562258,C457,M9037,P6496
97984737,C920,M9037,P6496
97245352,C920,M9037,P6496
98488858,C920,M9037,P6496
98857073,C920,M9037,P6496
93444713,C920,M9037,P6496
92740810,C920,M9037,P6496
94075544,C920,M9037,P6496
92879431,C749,M9037,P6496
94425135,C353,M3119,P4872
96478435,C749,M9037,P6496
96694592,C749,M9037,P6496
94045800,C749,M9037,P6496
96960102,C920,M9037,P6496
99949074,C575,M9037,P6496
97656409,C353,M3119,P4872
97471862,C920,M9037,P6496
93413206,C457,M9424,P4872
93887065,C457,M9424,P4872
99301824,C457,M9424,P4872
97612646,C457,M9424,P4872
98126674,C575,M9037,P6496
95311084,C575,M9037,P6496
94717510,C158,M9037,P6496
95840869,C158,M9037,P6496
98120008,C920,M9037,P6496
95838573,C920,M9037,P6496
99941036,C920,M9037,P6496
93702509,C920,M9037,P6496
99921032,C920,M9037,P6496
96484688,C158,M9037,P6496
91850639,C575,M11,P6496
94370574,C158,M9037,P6496
91563218,C158,M9037,P6496
95475075,C158,M9037,P6496
90315464,C158,M9037,P6496
97180489,C749,M11,P6496
94597206,C920,M11,P6496
90666377,C920,M11,P6496
91673817,C158,M9037,P6496
92949736,C158,M9037,P6496
91831369,C158,M9037,P6496
92693206,C158,M9037,P6496
90949176,C749,M9037,P6496
95457504,C749,M9037,P6496
90337183,C749,M9037,P6496
93232923,C749,M9037,P6496
92201378,C920,M9037,P6496
92399404,C158,M9037,P6496
93652310,C158,M9037,P6496
93235084,C158,M9037,P6496
91627154,C575,M9037,P6496
94415566,C575,M11,P6496
98804537,C575,M9037,P6496
95450628,C575,M9037,P6496
92970150,C353,M1619,OTROS PROVEEDORES
91082500,C353,M3119,P4872
99228207,C353,M3119,P4872
98263744,C353,M3119,P4872
98314019,C353,M3119,P4872
94003979,C353,M3119,P4872
94548728,C353,M1619,OTROS PROVEEDORES
94233816,C920,M9037,P6496
93276963,C457,M6154,P1832
98876072,C353,M6154,P1832
94636037,C457,M6154,P1832
90855717,C353,M7054,P1832
99516500,C353,M7054,P1832
99448030,C353,M6154,P1832
94948349,C340,M6154,P1832
90442595,C340,M6154,P1832
94295335,C353,M6154,P1832
99979144,C353,M6154,P1832
97770612,C457,M6154,P1832
96979552,C457,M6154,P1832
94716254,C457,M7054,P1832
96608256,C353,M6154,P1832
99693989,C353,OTRAS MARCAS,OTROS PROVEEDORES
99729202,C920,M6154,P1832
93040792,C920,M6154,P1832
98742473,C749,M6154,P1832
90745333,C749,M6154,P1832
97074052,C749,M6154,P1832
92618339,C749,M6154,P1832
91312073,C920,M7054,P1832
95269594,C920,M6154,P1832
92831741,C457,M6154,P1832
90504023,C457,M6154,P1832
92515410,C749,M6154,P1832
98742761,C457,M6154,P1832
99290880,C457,M6154,P1832
94646664,C457,M7054,P1832
97106846,C168,M6154,P1832
94972222,C920,M6154,P1832
91184787,C353,M6154,P1832
99474676,C353,M6154,P1832
94667619,C168,M6154,P1832
95873385,C353,M7054,P1832
94191460,C353,M6154,P1832
95449709,C457,M1351,P1832
97601923,C158,M6154,P1832
91326838,C457,M7926,P9965
95089808,C353,M4443,P9965
95816813,C353,M4443,P9965
95325415,C353,M7926,P9965
91000172,C457,M7926,P9965
97340563,C457,M7926,P9965
96260284,C749,M7926,P9965
93456322,C457,M7926,P9965
94849327,C353,OTRAS MARCAS,OTROS PROVEEDORES
95445111,C353,OTRAS MARCAS,OTROS PROVEEDORES
95616022,C353,OTRAS MARCAS,OTROS PROVEEDORES
97890034,C353,OTRAS MARCAS,OTROS PROVEEDORES
99465611,C340,M9517,P2462
90736980,C340,M9517,P2462
91269303,C340,OTRAS MARCAS,OTROS PROVEEDORES
96019507,C575,M3467,P8417
94395563,C575,M3467,P8417
98828839,C749,M3467,P8417
94540079,C158,M3467,P8417
94936976,C158,M3467,P8417
91171611,C158,M3467,P8417
93592238,C158,M3467,P8417
96120766,C353,M3467,P8417
92301525,C575,OTRAS MARCAS,OTROS PROVEEDORES
94076328,C158,M3467,P8417
93001483,C158,M3467,P8417
93450684,C158,M3467,P8417
95576449,C158,M3467,P8417
95594226,C353,M3467,P8417
98120526,C168,M2867,P6088
93756117,C168,M2867,P6088
98127021,C168,M2867,P6088
97621452,C168,M2867,P6088
93266402,C158,OTRAS MARCAS,OTROS PROVEEDORES
98932496,C158,OTRAS MARCAS,OTROS PROVEEDORES
91487592,C353,M1379,OTROS PROVEEDORES
92465853,C353,M6800,P9774
93971964,C457,M6800,P9774
97177104,C353,M6800,P9774
98032531,C457,M7182,P9774
98396970,C457,M6800,P9774
92400117,C353,M6800,P9774
91159521,C920,M6800,P9774
91063112,C920,M6800,P9774
97971498,C353,M6800,P9774
96353741,C353,M6800,P9774
95599695,C749,M6800,P9774
90264273,C920,M6800,P9774
98227042,C920,M6800,P9774
97050340,C457,OTRAS MARCAS,OTROS PROVEEDORES
93348854,C353,OTRAS MARCAS,OTROS PROVEEDORES
91171679,C353,M7182,P9774
98704007,C457,M6800,P9774
90612416,C457,M6800,P9774
94795129,C457,M6800,P9774
99414437,C457,M6800,P9774
94888042,C457,M6800,P9774
97419227,C457,M6800,P9774
93300297,C457,M6800,P9774
96337809,C457,M6800,P9774
99997318,C457,M6800,P9774
99574291,C340,OTRAS MARCAS,OTROS PROVEEDORES
91834548,C457,M6800,P9774
97496774,C353,M7182,P9774
90627216,C457,M6800,P9774
90926283,C457,M6800,P9774
99605167,C457,M6800,P9774
91909823,C457,M6800,P9774
90727521,C353,M6800,P9774
92996465,C353,M6800,P9774
96249078,C457,M6800,P9774
90921934,C920,M6800,P9774
90018428,C749,M6800,P9774
94388963,C457,M8279,P9774
98667855,C168,M6800,P9774
92268023,C168,M6800,P9774
93255461,C457,M6800,P9774
98591969,C457,M6800,P9774
90502171,C457,M6800,P9774
95108900,C353,M6800,P9774
90119292,C920,M6800,P9774
90355243,C920,M7182,P9774
99379299,C749,M6800,P9774
99707745,C749,M6800,P9774
96299085,C749,M2018,P3914
99868609,C749,M2018,P3914
92506433,C168,OTRAS MARCAS,OTROS PROVEEDORES
94916598,C340,OTRAS MARCAS,OTROS PROVEEDORES
97193189,C340,M9517,P2462
90156306,C340,OTRAS MARCAS,OTROS PROVEEDORES
93845123,C575,OTRAS MARCAS,P3394
98629902,C575,OTRAS MARCAS,P3394
93346845,C575,OTRAS MARCAS,P3394
92241338,C575,OTRAS MARCAS,P3394
95123400,C575,OTRAS MARCAS,P3394
97713323,C575,OTRAS MARCAS,P3394
91788137,C575,OTRAS MARCAS,P3394
97520920,C575,M3959,P4872
95298602,C575,M3959,P4872
90385839,C575,M3959,P4872
92190259,C575,M3959,P4872
91786646,C575,M3959,P4872
99493169,C575,M3959,P4872
96808693,C575,M3959,P4872
95272480,C575,M3959,P4872
94431414,C575,OTRAS MARCAS,P3394
94184127,C353,M5148,P1267
96363627,C353,OTRAS MARCAS,OTROS PROVEEDORES
91489642,C353,M1102,P1267
90489397,C340,M5148,P1267
99727289,C340,M5148,P1267
96538769,C575,OTRAS MARCAS,OTROS PROVEEDORES
99806280,C457,M8276,P4872
98836741,C457,M8276,P4872
97013678,C457,M8276,P4872
98658449,C340,M600,P4872
94104412,C340,M600,P4872
97198146,C353,M6318,P4872
90509940,C353,M6318,P4872
98790786,C353,M6318,P4872
92435394,C457,M8276,P4872
92450670,C457,M8276,P4872
96457610,C457,M8276,P4872
98366898,C457,M8276,P4872
93423642,C457,M8276,P4872
92764609,C457,M8276,P4872
96419115,C457,M8276,P4872
97369855,C457,M8276,P4872
93426779,C457,M8276,P4872
99306007,C457,OTRAS MARCAS,P4872
95564072,C457,M8276,P4872
93468763,C457,M8276,P4872
95545308,C457,M8276,P4872
96006192,C575,M3959,P4872
93959345,C575,M3959,P4872
95260543,C575,M3959,P4872
90979352,C575,M3959,P4872
98754257,C575,M3959,P4872
90144114,C575,M3959,P4872
94020536,C575,M3959,P4872
96173768,C575,M3959,P4872
96098419,C575,M3959,P4872
96423680,C575,OTRAS MARCAS,P4872
92864798,C575,OTRAS MARCAS,P4872
94310075,C575,OTRAS MARCAS,P4872
93572858,C575,M3959,P4872
91025631,C575,M3959,P4872
90390993,C457,OTRAS MARCAS,P4872
91508952,C457,OTRAS MARCAS,P4872
97478980,C353,OTRAS MARCAS,P4872
91744216,C457,M8276,P4872
92438357,C457,M8276,P4872
99111908,C353,OTRAS MARCAS,P4872
96157894,C920,OTRAS MARCAS,P4872
90329883,C749,OTRAS MARCAS,P4872
97786637,C457,M8276,P4872
95404267,C457,M8276,P4872
95050313,C457,M8276,P4872
98638451,C353,M6318,P4872
98727727,C575,OTRAS MARCAS,P4872
97489998,C457,M8276,P4872
95400879,C457,M8276,P4872
90720145,C575,OTRAS MARCAS,P4872
90734971,C457,M8276,P4872
91929882,C353,M6318,P4872
93383765,C353,M6318,P4872
98266620,C457,M8276,P4872
91255579,C457,M8276,P4872
91766627,C353,M6318,P4872
93084567,C457,M8276,P4872
98932241,C457,M8276,P4872
98187700,C920,M8276,P4872
92765738,C353,M6318,P4872
94407896,C749,OTRAS MARCAS,P4872
97319984,C575,OTRAS MARCAS,P4872
95302395,C575,OTRAS MARCAS,P4872
92227571,C575,OTRAS MARCAS,P4872
90837583,C168,OTRAS MARCAS,P4872
93392950,C353,M6318,P4872
95517329,C353,M6318,P4872
91202698,C353,M6318,P4872
91699765,C457,M8276,P4872
90801812,C457,M8276,P4872
97718580,C457,M8276,P4872
99229281,C457,M8276,P4872
90107757,C457,M8276,P4872
93017008,C457,M8276,P4872
96516963,C457,M8276,P4872
94436191,C457,M8276,P4872
99406348,C457,M8276,P4872
99375502,C457,M8276,P4872
97208224,C353,M6318,P4872
95704318,C749,M8773,OTROS PROVEEDORES
97000047,C920,M8276,P4872
90096895,C920,M8276,P4872
98017241,C920,M8276,P4872
90563001,C353,M7271,P4872
99427830,C353,M6318,P4872
90287143,C457,M4268,P4872
91229251,C353,M6318,P4872
97898968,C457,M4268,P4872
91556364,C353,OTRAS MARCAS,OTROS PROVEEDORES
90649411,C575,M991,P4872
95810204,C575,OTRAS MARCAS,OTROS PROVEEDORES
96366250,C575,M991,P4872
97119228,C575,OTRAS MARCAS,OTROS PROVEEDORES
93932503,C920,M9037,P6496
90465790,C920,M7182,P9774
92849018,C749,M8276,P4872
94199708,C457,M8276,P4872
91937294,C353,OTRAS MARCAS,OTROS PROVEEDORES
98587796,C340,OTRAS MARCAS,OTROS PROVEEDORES
93545493,C353,M783,P1532
93219115,C353,M9327,P1532
92824013,C158,M5702,P3214
95949800,C749,M6154,P1832
92273016,C158,M5702,P3214
91193560,C457,OTRAS MARCAS,OTROS PROVEEDORES
92490702,C353,M783,P1532
91193560,C457,OTRAS MARCAS,OTROS PROVEEDORES
92847169,C158,OTRAS MARCAS,OTROS PROVEEDORES
98587965,C158,OTRAS MARCAS,OTROS PROVEEDORES
94556806,C158,OTRAS MARCAS,OTROS PROVEEDORES
98796613,C158,OTRAS MARCAS,OTROS PROVEEDORES
97442858,C158,M8687,OTROS PROVEEDORES
92945213,C575,OTRAS MARCAS,OTROS PROVEEDORES
90502430,C158,M8687,OTROS PROVEEDORES
93923813,C457,M783,P1532
99639751,C158,M5702,P3214
99708789,C920,M9037,P6496
95067520,C920,M9037,P6496
98779859,C353,M6800,P9774
92143549,C457,M6800,P9774
94214239,C920,M11,P6496
92273016,C158,M5702,P3214
90465790,C920,M7182,P9774
93691714,C920,M6800,P9774
92718371,C158,OTRAS MARCAS,OTROS PROVEEDORES
95128091,C457,M6800,P9774
99819940,C457,M8276,P4872
93206803,C457,M8276,P4872
98361720,C457,M8276,P4872
95254931,C457,M8276,P4872
99352024,C457,M8276,P4872
95374321,C457,M8276,P4872
91582464,C158,M2841,P6350
90170253,C353,OTRAS MARCAS,OTROS PROVEEDORES
97397211,C749,M9663,OTROS PROVEEDORES
90448279,C749,M9037,P6496
95726282,C749,M9663,OTROS PROVEEDORES
98053681,C749,M536,P9514
94796174,C457,OTRAS MARCAS,OTROS PROVEEDORES
91382603,C340,OTRAS MARCAS,OTROS PROVEEDORES
99085161,C168,M7806,P1177
95592524,C168,M7806,P1177
91784361,C457,OTRAS MARCAS,OTROS PROVEEDORES
92290104,C353,OTRAS MARCAS,OTROS PROVEEDORES
91937294,C353,OTRAS MARCAS,OTROS PROVEEDORES
97385868,C158,M8798,P143
99824133,C575,OTRAS MARCAS,OTROS PROVEEDORES
96148891,C353,M783,P1532
93417442,C158,M5702,P3214
96485254,C457,OTRAS MARCAS,OTROS PROVEEDORES
99602733,C457,OTRAS MARCAS,OTROS PROVEEDORES
99570664,C158,M5702,P3214
95959974,C158,M8687,OTROS PROVEEDORES
91398964,C158,M5702,P3214
97570886,C457,M536,P9514
91954379,C158,M2841,P6350
99748106,C158,M2841,P6350
92395990,C158,OTRAS MARCAS,OTROS PROVEEDORES
90820934,C158,OTRAS MARCAS,OTROS PROVEEDORES
95139626,C158,OTRAS MARCAS,OTROS PROVEEDORES
92834177,C158,OTRAS MARCAS,OTROS PROVEEDORES
96860990,C158,OTRAS MARCAS,OTROS PROVEEDORES
90018343,C920,OTRAS MARCAS,OTROS PROVEEDORES
98539721,C158,M5702,P3214
99122332,C158,M5702,P3214
92824013,C158,M5702,P3214
96286617,C158,M5702,P3214
98931623,C158,OTRAS MARCAS,OTROS PROVEEDORES
96242109,C158,M5702,P3214
91937436,C158,OTRAS MARCAS,OTROS PROVEEDORES
93607758,C158,M5702,P3214
97709004,C158,M5702,P3214
98892811,C158,M2841,P6350
97033250,C340,OTRAS MARCAS,OTROS PROVEEDORES
94120077,C158,M2841,P6350
93510361,C158,M1645,P4207
91581781,C158,M1645,P4207
99331155,C158,M1645,P4207
92700282,C158,M1645,P4207
96275664,C158,M1645,P4207
98131126,C749,M9037,P6496
93869796,C353,M3119,P4872
99896212,C920,M9037,P6496
96407041,C340,M6800,P9774
91831012,C457,M6800,P9774
90469047,C457,M8276,P4872
92640658,C353,M6318,P4872
95488222,C353,M7271,P4872
95396633,C457,M4268,P4872
93221264,C353,M6318,P4872
90415017,C457,M8276,P4872
98704057,C353,M6318,P4872
90171879,C920,M9037,P6496
95921100,C920,M9037,P6496
90654182,C920,M9037,P6496
95280570,C457,M9424,P4872
98008795,C749,M9037,P6496
90602821,C749,M9037,P6496
90086994,C749,M9037,P6496
98092121,C749,M9037,P6496
99431973,C158,M3467,P8417
98633658,C457,M8276,P4872
97033891,C457,M9424,P4872
92280979,C575,M9037,P6496
96906837,C158,M9037,P6496
99956947,C158,M9037,P6496
96180524,C920,M9037,P6496
91637660,C457,M6154,P1832
95067520,C920,M9037,P6496
99243642,C158,M9037,P6496
97491304,C920,M9037,P6496
96386807,C920,M9037,P6496
98411372,C158,M9037,P6496
94537044,C158,M9037,P6496
95088463,C575,M9037,P6496
97392072,C575,M9037,P6496
99153382,C575,M9037,P6496
94364083,C575,M11,P6496
95075841,C575,M11,P6496
90713273,C340,M6800,P9774
97903362,C575,M11,P6496
97739513,C575,M9037,P6496
92822427,C920,OTRAS MARCAS,P6496
97666124,C749,M9037,P6496
96673465,C749,M9037,P6496
93947870,C158,M11,P6496
97670449,C158,M11,P6496
96592805,C575,M11,P6496
92753850,C920,M11,P6496
96242424,C920,M11,P6496
95269831,C920,M11,P6496
92906727,C158,M3467,P8417
97908196,C457,M6154,P1832
90880560,C457,M1351,P1832
96264944,C457,M6154,P1832
98529256,C457,M6154,P1832
95548953,C457,M6154,P1832
95345244,C353,M7926,P9965
93420558,C353,M7926,P9965
93573081,C749,M7926,P9965
94073421,C353,OTRAS MARCAS,OTROS PROVEEDORES
98361810,C575,M3467,P8417
98914472,C158,M3467,P8417
91732114,C158,M3467,P8417
97306006,C158,M3467,P8417
93143350,C158,M3467,P8417
97544021,C158,OTRAS MARCAS,OTROS PROVEEDORES
99879876,C353,M6800,P9774
91008610,C353,M6800,P9774
93166254,C353,M5148,P1267
99505048,C353,M1102,P1267
98522505,C457,M6800,P9774
96466920,C457,M6800,P9774
91328891,C457,M6800,P9774
99288212,C353,M6800,P9774
96012295,C457,M7182,P9774
96730603,C457,M6800,P9774
95361772,C457,M6800,P9774
92901265,C457,M6800,P9774
99389083,C575,M3959,P4872
95257206,C575,M3959,P4872
97139702,C575,M3959,P4872
99157640,C575,M3959,P4872
92590592,C457,M8276,P4872
96481966,C749,OTRAS MARCAS,P4872
98392426,C575,OTRAS MARCAS,P4872
98739629,C353,M6318,P4872
90466659,C457,M4268,P4872
98938189,C575,M991,P4872
93007292,C575,M991,P4872
97757992,C575,M991,P4872
97269330,C575,M991,P4872
93295305,C457,M8276,P4872
97809289,C457,M8276,P4872
97679858,C457,M8276,P4872
94862473,C457,M8276,P4872
98259781,C457,M8276,P4872
92607072,C457,M8276,P4872
90466125,C457,M9424,P4872
93525940,C749,M8276,P4872
99825311,C457,M4268,P4872
91805136,C168,M991,P4872
96470121,C168,M991,P4872
99980092,C353,M3119,P4872
97413010,C353,M3119,P4872
92418065,C457,M4268,P4872
96422774,C457,M8276,P4872
98089419,C457,M8276,P4872
91373642,C457,M8276,P4872
98598479,C353,M7271,P4872
98056593,C575,M3959,P4872
91871873,C575,M3959,P4872
97773416,C575,M3959,P4872
93872978,C158,M3959,P4872
95115252,C158,M3959,P4872
92904986,C158,M3959,P4872
97278665,C158,M3959,P4872
91957447,C575,M3959,P4872
96957102,C575,M3959,P4872
96100115,C575,M3959,P4872
97664681,C575,M3959,P4872
90679484,C353,M6318,P4872
95052258,C457,M8276,P4872
97322956,C457,M8276,P4872
96595327,C457,M8276,P4872
92938167,C158,M3959,P4872
99835004,C158,M3959,P4872
91272804,C158,M3959,P4872
92810669,C353,M3119,P4872
94219198,C353,M3119,P4872
93347655,C575,M3959,P4872
99256300,C575,M3959,P4872
91900377,C575,M3959,P4872
90899436,C575,M3959,P4872
95813285,C340,OTRAS MARCAS,OTROS PROVEEDORES
95849572,C340,OTRAS MARCAS,OTROS PROVEEDORES
91572663,C340,OTRAS MARCAS,OTROS PROVEEDORES
93644705,C340,OTRAS MARCAS,OTROS PROVEEDORES
90195213,C353,M6183,P2214
94025668,C457,M6183,P2214
93408767,C353,M6183,P2214
97420992,C457,M6183,P2214
95190029,C457,M6551,OTROS PROVEEDORES
93434052,C457,M9154,P2214
98153253,C457,M6183,P2214
92365930,C457,M9154,P2214
92871548,C340,OTRAS MARCAS,OTROS PROVEEDORES
96587713,C353,M1475,P6089
95750146,C749,M7040,P1588
91995984,C749,OTRAS MARCAS,OTROS PROVEEDORES
91856668,C749,M7040,P1588
94266518,C749,M7040,P1588
92762464,C749,M7040,P1588
94867813,C749,M7040,P1588
90103000,C575,OTRAS MARCAS,OTROS PROVEEDORES
94697321,C575,OTRAS MARCAS,OTROS PROVEEDORES
97971764,C575,OTRAS MARCAS,OTROS PROVEEDORES
96996481,C575,OTRAS MARCAS,OTROS PROVEEDORES
91800737,C575,OTRAS MARCAS,OTROS PROVEEDORES
94844945,C457,M9526,P756
91722309,C340,M9526,P756
90254621,C457,M9526,P756
94807667,C457,M9526,P756
92952328,C749,OTRAS MARCAS,OTROS PROVEEDORES
97682838,C457,M9424,P4872
95461684,C457,M9424,P4872
93074420,C457,M9424,P4872
91270270,C457,M9424,P4872
95728076,C457,M9424,P4872
93707224,C457,M9424,P4872
95806526,C457,M3661,P2441
95133880,C920,M3661,P2441
91921655,C920,M3661,P2441
99334670,C920,M3661,P2441
93189993,C920,M3661,P2441
95407660,C920,M3661,P2441
93966082,C920,M3661,P2441
94635756,C575,OTRAS MARCAS,OTROS PROVEEDORES
90204150,C920,M3661,P2441
97284966,C920,OTRAS MARCAS,OTROS PROVEEDORES
98314506,C575,OTRAS MARCAS,OTROS PROVEEDORES
91853681,C168,M6406,P8295
92192654,C168,OTRAS MARCAS,OTROS PROVEEDORES
97194430,C168,M1706,P8295
90517858,C168,OTRAS MARCAS,OTROS PROVEEDORES
98991157,C168,OTRAS MARCAS,OTROS PROVEEDORES
90582922,C168,M1706,P8295
91726023,C168,M6406,P8295
91959960,C168,M1706,P8295
92543057,C168,M1706,P8295
94093051,C168,M6406,P8295
94005881,C168,M1706,P8295
94662248,C168,M6406,P8295
92675395,C168,M6406,P8295
94111699,C749,M8634,OTROS PROVEEDORES
92559506,C575,M5622,OTROS PROVEEDORES
92510021,C920,OTRAS MARCAS,OTROS PROVEEDORES
92435171,C457,OTRAS MARCAS,OTROS PROVEEDORES
95201090,C749,M660,P8299
90331169,C353,OTRAS MARCAS,OTROS PROVEEDORES
91442644,C353,M1863,P7601
93135005,C340,OTRAS MARCAS,OTROS PROVEEDORES
99777215,C340,OTRAS MARCAS,OTROS PROVEEDORES
92967554,C353,OTRAS MARCAS,OTROS PROVEEDORES
93649198,C353,M1863,P7601
95601715,C353,OTRAS MARCAS,OTROS PROVEEDORES
97630070,C457,OTRAS MARCAS,OTROS PROVEEDORES
92904996,C575,OTRAS MARCAS,OTROS PROVEEDORES
92908498,C575,OTRAS MARCAS,OTROS PROVEEDORES
96592343,C575,OTRAS MARCAS,OTROS PROVEEDORES
94404474,C575,OTRAS MARCAS,OTROS PROVEEDORES
96617418,C168,M6495,OTROS PROVEEDORES
92542905,C168,M6495,OTROS PROVEEDORES
99997097,C575,OTRAS MARCAS,OTROS PROVEEDORES
93755171,C575,OTRAS MARCAS,OTROS PROVEEDORES
93765293,C575,OTRAS MARCAS,OTROS PROVEEDORES
97179423,C457,M387,P9224
90925438,C457,M387,P9224
93310846,C457,M387,P9224
96681631,C457,M387,P9224
94399900,C353,M783,P1532
99821929,C457,M387,P9224
95183683,C457,M387,P9224
95081443,C457,M387,P9224
90678385,C457,M387,P9224
94494083,C457,M387,P9224
92191942,C457,M387,P9224
90362311,C353,OTRAS MARCAS,OTROS PROVEEDORES
94982078,C457,M387,P9224
94163290,C353,M387,P9224
98049936,C457,M387,P9224
91382392,C457,M387,P9224
98226740,C457,M387,P9224
96379116,C340,M387,P9224
93878312,C457,M387,P9224
96689579,C353,M387,P9224
91236822,C353,M387,P9224
90011225,C340,M387,P9224
95847274,C457,M387,P9224
92895697,C457,M387,P9224
96900450,C353,OTRAS MARCAS,OTROS PROVEEDORES
94418329,C457,M387,P9224
98420362,C353,M6358,P9224
98792152,C457,M387,P9224
93320677,C457,M387,P9224
91156716,C457,M387,P9224
92658808,C353,OTRAS MARCAS,OTROS PROVEEDORES
97054967,C353,OTRAS MARCAS,OTROS PROVEEDORES
92084853,C457,M783,P1532
93027820,C457,M9126,P1532
92283570,C353,M783,P1532
93100660,C920,OTRAS MARCAS,OTROS PROVEEDORES
90071253,C920,M783,P1532
91445483,C457,M783,P1532
96812520,C457,M783,P1532
98653661,C457,M7695,P1532
97253127,C457,M9256,P1532
97272727,C457,M783,P1532
93072459,C457,M783,P1532
99996124,C457,M783,P1532
95530927,C457,M9126,P1532
94963721,C457,M783,P1532
91417404,C457,M783,P1532
92337871,C749,M783,P1532
91562297,C749,M783,P1532
93169862,C749,M783,P1532
90010819,C749,M783,P1532
98386961,C353,M783,P1532
99419595,C353,M783,P1532
91935197,C457,M783,P1532
94856379,C457,M783,P1532
92328622,C353,M783,P1532
92745232,C920,M783,P1532
91062048,C920,M783,P1532
96900141,C457,M9327,P1532
94539472,C457,M783,P1532
97737300,C457,M783,P1532
92060710,C457,M783,P1532
97246924,C457,M9327,P1532
99720389,C749,M783,P1532
95187387,C749,M783,P1532
97609670,C749,M783,P1532
91265296,C457,M7328,OTROS PROVEEDORES
98963346,C340,OTRAS MARCAS,OTROS PROVEEDORES
95038056,C340,OTRAS MARCAS,OTROS PROVEEDORES
92397245,C340,OTRAS MARCAS,OTROS PROVEEDORES
95117299,C340,OTRAS MARCAS,OTROS PROVEEDORES
96123480,C340,OTRAS MARCAS,OTROS PROVEEDORES
96190620,C340,OTRAS MARCAS,OTROS PROVEEDORES
96925522,C340,OTRAS MARCAS,OTROS PROVEEDORES
91688170,C340,M6214,P5932
97173374,C340,OTRAS MARCAS,OTROS PROVEEDORES
96119911,C340,OTRAS MARCAS,OTROS PROVEEDORES
90490998,C340,OTRAS MARCAS,OTROS PROVEEDORES
97840960,C340,OTRAS MARCAS,OTROS PROVEEDORES
95111405,C340,OTRAS MARCAS,OTROS PROVEEDORES
96972461,C340,OTRAS MARCAS,OTROS PROVEEDORES
91392431,C340,M8780,P5932
90768561,C340,OTRAS MARCAS,OTROS PROVEEDORES
94171894,C340,M8780,P5932
94301844,C457,M7302,OTROS PROVEEDORES
94813031,C457,M7302,OTROS PROVEEDORES
94231094,C457,M7838,OTROS PROVEEDORES
97850606,C457,M7838,OTROS PROVEEDORES
93649714,C457,M7838,OTROS PROVEEDORES
97221960,C168,M4777,OTROS PROVEEDORES
96671388,C353,OTRAS MARCAS,OTROS PROVEEDORES
95224468,C353,M1172,P593
92044524,C353,M4098,P2048
94991353,C353,M4098,P2048
99987736,C353,M4098,P2048
98207763,C353,M4098,P2048
95090170,C353,M5726,P2048
91201406,C353,M4098,P2048
94129862,C920,OTRAS MARCAS,OTROS PROVEEDORES
91677617,C749,M6912,P2962
97248152,C749,M6912,P2962
92161187,C749,M6912,P2962
91754679,C920,M536,P9514
96876934,C158,M6912,P2962
92295368,C749,M6912,P2962
99924534,C749,M6912,P2962
94508800,C749,M6912,P2962
99339909,C920,M6912,P2962
94527900,C920,M6912,P2962
91806092,C749,M6912,P2962
91758217,C749,M6912,P2962
97987341,C158,M6912,P2962
95703565,C158,M6912,P2962
97673811,C353,OTRAS MARCAS,OTROS PROVEEDORES
98848751,C353,OTRAS MARCAS,OTROS PROVEEDORES
91377468,C353,OTRAS MARCAS,OTROS PROVEEDORES
93628066,C353,M8151,OTROS PROVEEDORES
93902029,C353,M9994,P4694
90242393,C353,M9994,P4694
95984023,C749,OTRAS MARCAS,OTROS PROVEEDORES
93809226,C749,OTRAS MARCAS,OTROS PROVEEDORES
96316333,C749,OTRAS MARCAS,OTROS PROVEEDORES
91051352,C340,OTRAS MARCAS,OTROS PROVEEDORES
96147040,C340,OTRAS MARCAS,OTROS PROVEEDORES
94207289,C340,M1433,P9292
98160683,C457,OTRAS MARCAS,OTROS PROVEEDORES
93168073,C457,OTRAS MARCAS,OTROS PROVEEDORES
95893977,C457,OTRAS MARCAS,OTROS PROVEEDORES
90185968,C340,OTRAS MARCAS,OTROS PROVEEDORES
97253576,C457,OTRAS MARCAS,OTROS PROVEEDORES
91626046,C457,OTRAS MARCAS,OTROS PROVEEDORES
97825848,C749,OTRAS MARCAS,OTROS PROVEEDORES
97306679,C457,OTRAS MARCAS,OTROS PROVEEDORES
97228454,C457,OTRAS MARCAS,OTROS PROVEEDORES
98571930,C353,OTRAS MARCAS,OTROS PROVEEDORES
97320201,C920,M3094,P7173
97258451,C920,M3094,P7173
90083764,C920,M3094,P7173
92484867,C749,M8568,P7173
97594377,C749,M8568,P7173
94396833,C920,M3094,P7173
99307386,C457,M8568,P7173
95696344,C749,M8568,P7173
93979849,C168,OTRAS MARCAS,OTROS PROVEEDORES
95677075,C353,M9056,OTROS PROVEEDORES
91541444,C353,OTRAS MARCAS,OTROS PROVEEDORES
92827053,C353,OTRAS MARCAS,OTROS PROVEEDORES
99798775,C353,OTRAS MARCAS,OTROS PROVEEDORES
98013210,C353,M9056,OTROS PROVEEDORES
95290032,C353,M9056,OTROS PROVEEDORES
97904739,C353,M9056,OTROS PROVEEDORES
90870420,C353,M9056,OTROS PROVEEDORES
98831040,C749,OTRAS MARCAS,OTROS PROVEEDORES
94034305,C168,OTRAS MARCAS,P2638
94414602,C158,OTRAS MARCAS,OTROS PROVEEDORES
94296391,C158,OTRAS MARCAS,OTROS PROVEEDORES
93303928,C158,OTRAS MARCAS,OTROS PROVEEDORES
94415758,C457,OTRAS MARCAS,OTROS PROVEEDORES
93596544,C920,M536,P9514
94076492,C457,OTRAS MARCAS,OTROS PROVEEDORES
94411080,C457,OTRAS MARCAS,OTROS PROVEEDORES
99837579,C457,OTRAS MARCAS,OTROS PROVEEDORES
92140485,C749,OTRAS MARCAS,OTROS PROVEEDORES
90089834,C158,OTRAS MARCAS,OTROS PROVEEDORES
99585254,C158,OTRAS MARCAS,OTROS PROVEEDORES
99385227,C158,OTRAS MARCAS,OTROS PROVEEDORES
94750164,C158,OTRAS MARCAS,OTROS PROVEEDORES
93643233,C158,OTRAS MARCAS,OTROS PROVEEDORES
95190347,C158,OTRAS MARCAS,OTROS PROVEEDORES
96165521,C158,OTRAS MARCAS,OTROS PROVEEDORES
94226116,C158,OTRAS MARCAS,OTROS PROVEEDORES
98399677,C158,OTRAS MARCAS,OTROS PROVEEDORES
92352995,C158,OTRAS MARCAS,OTROS PROVEEDORES
97342130,C749,OTRAS MARCAS,OTROS PROVEEDORES
91191905,C158,OTRAS MARCAS,OTROS PROVEEDORES
91701735,C158,OTRAS MARCAS,OTROS PROVEEDORES
90857638,C457,OTRAS MARCAS,OTROS PROVEEDORES
98552283,C340,OTRAS MARCAS,OTROS PROVEEDORES
99632150,C340,OTRAS MARCAS,OTROS PROVEEDORES
97750971,C340,OTRAS MARCAS,OTROS PROVEEDORES
91846399,C749,OTRAS MARCAS,OTROS PROVEEDORES
94418864,C920,OTRAS MARCAS,OTROS PROVEEDORES
98453843,C920,OTRAS MARCAS,OTROS PROVEEDORES
97990934,C920,OTRAS MARCAS,OTROS PROVEEDORES
90355123,C749,M536,P9514
91337274,C920,OTRAS MARCAS,OTROS PROVEEDORES
99032444,C920,OTRAS MARCAS,OTROS PROVEEDORES
91731859,C920,OTRAS MARCAS,OTROS PROVEEDORES
98780515,C749,M5087,P8856
92744527,C920,M5087,P8856
93340355,C749,OTRAS MARCAS,OTROS PROVEEDORES
93690086,C749,OTRAS MARCAS,OTROS PROVEEDORES
98273819,C353,OTRAS MARCAS,OTROS PROVEEDORES
97165864,C920,OTRAS MARCAS,OTROS PROVEEDORES
95322950,C749,OTRAS MARCAS,OTROS PROVEEDORES
90646818,C575,M2254,OTROS PROVEEDORES
90674828,C457,M9702,P7358
91857987,C920,OTRAS MARCAS,OTROS PROVEEDORES
93088157,C749,M9702,P7358
93383948,C920,OTRAS MARCAS,OTROS PROVEEDORES
98969361,C920,OTRAS MARCAS,OTROS PROVEEDORES
96643864,C920,OTRAS MARCAS,OTROS PROVEEDORES
96625397,C457,M9702,P7358
91279245,C749,M9702,P7358
95365354,C749,M9702,P7358
93323028,C920,M536,P9514
94374359,C749,M536,P9514
90292901,C749,M9702,P7358
94940607,C340,OTRAS MARCAS,P1509
92716407,C353,M9551,P3738
90148865,C457,M9551,P3738
94954481,C168,M9551,P3738
92806853,C353,M9551,P3738
90797944,C168,M959,P1550
99917390,C457,M9551,P3738
95548360,C353,M9551,P3738
95608395,C353,M4842,P1550
91723731,C457,M2993,P1550
98139573,C158,OTRAS MARCAS,OTROS PROVEEDORES
96316142,C353,OTRAS MARCAS,OTROS PROVEEDORES
90050291,C353,M1420,P100
97963821,C353,M1420,P100
94927904,C353,M1420,P100
91618871,C353,M5572,OTROS PROVEEDORES
96882012,C457,M1420,P100
94532974,C749,OTRAS MARCAS,OTROS PROVEEDORES
90363468,C457,M1420,P100
92560219,C353,M2090,P100
98801456,C353,M2090,P100
97393935,C353,OTRAS MARCAS,OTROS PROVEEDORES
98060106,C457,M2090,P100
94055184,C457,M2090,P100
96091738,C457,M2090,P100
92154334,C457,OTRAS MARCAS,OTROS PROVEEDORES
96243673,C457,OTRAS MARCAS,OTROS PROVEEDORES
92014933,C340,OTRAS MARCAS,OTROS PROVEEDORES
92698075,C158,OTRAS MARCAS,OTROS PROVEEDORES
90398381,C457,M6822,P9584
99092284,C457,M6822,P9584
94487445,C353,OTRAS MARCAS,OTROS PROVEEDORES
99097314,C353,OTRAS MARCAS,OTROS PROVEEDORES
91947847,C353,OTRAS MARCAS,OTROS PROVEEDORES
95705900,C353,M4842,P1550
94039685,C575,M991,P4872
92191938,C575,M991,P4872
92525848,C575,M991,P4872
97351402,C575,M991,P4872
90207131,C575,M991,P4872
95130266,C575,M991,P4872
94322686,C575,M991,P4872
90205168,C575,M991,P4872
92391005,C575,M991,P4872
96117806,C575,OTRAS MARCAS,OTROS PROVEEDORES
99984360,C749,M536,P9514
99305169,C920,M991,P4872
94348625,C168,M8458,P4112
97985346,C168,M8458,P4112
91724179,C168,M8458,P4112
93298291,C168,M8458,P4112
91760553,C168,M8458,P4112
98363804,C168,M8458,P4112
98011753,C168,M8458,P4112
97240076,C168,M8458,P4112
98472188,C168,M8458,P4112
91953792,C168,M8458,P4112
94031087,C168,M8458,P4112
94896633,C168,M8458,P4112
95784835,C168,M8458,P4112
97561280,C168,M8458,P4112
92692745,C168,M8458,P4112
91802645,C168,M8458,P4112
99200823,C168,M8458,P4112
94195774,C168,M8458,P4112
99258137,C168,M8458,P4112
98385872,C749,M8458,P4112
96157255,C749,M8458,P4112
92271757,C575,OTRAS MARCAS,OTROS PROVEEDORES
92684335,C575,M8458,P4112
95179574,C168,M8458,P4112
94159292,C168,M8458,P4112
96059005,C168,M8458,P4112
91496275,C575,M8458,P4112
95000559,C168,M8458,P4112
99265644,C168,M8458,P4112
93025814,C575,M8458,P4112
90852096,C168,M8458,P4112
99467484,C168,M8458,P4112
95022644,C168,M8458,P4112
95007807,C168,M8458,P4112
93034875,C168,M8458,P4112
93751067,C168,M8458,P4112
94663104,C168,M8458,P4112
97189398,C168,M8458,P4112
97516478,C168,M8458,P4112
98265980,C168,M8458,P4112
90469814,C168,M8458,P4112
96963862,C168,M8458,P4112
92519680,C168,M8458,P4112
95754693,C168,M8458,P4112
96390776,C168,M8458,P4112
99678089,C340,M9517,P2462
90496313,C340,M9517,P2462
99781587,C340,M9517,P2462
95635492,C920,OTRAS MARCAS,OTROS PROVEEDORES
94486554,C575,OTRAS MARCAS,OTROS PROVEEDORES
93977045,C168,OTRAS MARCAS,OTROS PROVEEDORES
96624223,C168,OTRAS MARCAS,OTROS PROVEEDORES
98441987,C575,OTRAS MARCAS,OTROS PROVEEDORES
90417315,C575,OTRAS MARCAS,OTROS PROVEEDORES
99442890,C575,OTRAS MARCAS,OTROS PROVEEDORES
93284693,C158,OTRAS MARCAS,OTROS PROVEEDORES
99605647,C353,OTRAS MARCAS,OTROS PROVEEDORES
92528622,C749,OTRAS MARCAS,OTROS PROVEEDORES
95663883,C457,M5900,P1192
95827522,C353,M8512,P7920
98001749,C353,M1582,P9140
92423447,C353,OTRAS MARCAS,P7920
98691391,C353,M8512,P7920
92231732,C353,M8512,P7920
95609275,C749,OTRAS MARCAS,OTROS PROVEEDORES
92094042,C457,M1582,P9140
91062223,C749,M1582,P9140
98296018,C749,M1582,P9140
94756162,C920,M1582,P9140
95505603,C749,M1582,P9140
91441449,C920,M1582,P9140
97912811,C353,M3586,P7920
95914190,C353,M8512,P7920
96922954,C920,M1582,P9140
99376347,C749,M1582,P9140
95933937,C749,M536,P9514
99690731,C920,M1582,P9140
94870035,C920,M1582,P9140
94561156,C749,M1582,P9140
95533946,C920,M1582,P9140
95294745,C749,M1582,P9140
99862797,C353,M8512,P7920
98482280,C920,M1582,P9140
95746756,C457,OTRAS MARCAS,OTROS PROVEEDORES
92970161,C749,OTRAS MARCAS,OTROS PROVEEDORES
92589206,C749,OTRAS MARCAS,OTROS PROVEEDORES
95362881,C457,M2862,P5363
94105589,C457,M2862,P5363
95271020,C457,M2862,P5363
96104802,C749,OTRAS MARCAS,OTROS PROVEEDORES
95434179,C920,OTRAS MARCAS,OTROS PROVEEDORES
96677285,C457,M2862,P5363
93862285,C457,M2862,P5363
92379414,C920,OTRAS MARCAS,OTROS PROVEEDORES
98076874,C340,OTRAS MARCAS,OTROS PROVEEDORES
97223653,C457,M3754,P7131
99173498,C457,M3754,P7131
94255025,C575,OTRAS MARCAS,OTROS PROVEEDORES
91058169,C749,OTRAS MARCAS,OTROS PROVEEDORES
95489291,C340,OTRAS MARCAS,OTROS PROVEEDORES
97511988,C340,OTRAS MARCAS,OTROS PROVEEDORES
99281006,C340,OTRAS MARCAS,OTROS PROVEEDORES
97626373,C340,OTRAS MARCAS,OTROS PROVEEDORES
98745918,C340,OTRAS MARCAS,OTROS PROVEEDORES
93213685,C340,OTRAS MARCAS,OTROS PROVEEDORES
95950069,C920,OTRAS MARCAS,OTROS PROVEEDORES
92795836,C457,M8967,OTROS PROVEEDORES
90635983,C457,M8967,OTROS PROVEEDORES
95014518,C749,M8967,OTROS PROVEEDORES
92937357,C457,M8967,OTROS PROVEEDORES
94464685,C340,OTRAS MARCAS,OTROS PROVEEDORES
96463885,C340,OTRAS MARCAS,OTROS PROVEEDORES
95043826,C457,OTRAS MARCAS,OTROS PROVEEDORES
98229903,C749,OTRAS MARCAS,OTROS PROVEEDORES
93354203,C457,M2417,OTROS PROVEEDORES
96743260,C457,M7328,OTROS PROVEEDORES
98891648,C457,M1154,OTROS PROVEEDORES
93725281,C457,M1154,OTROS PROVEEDORES
96173549,C457,M8589,OTROS PROVEEDORES
98447094,C749,OTRAS MARCAS,OTROS PROVEEDORES
92328801,C340,OTRAS MARCAS,OTROS PROVEEDORES
90554775,C340,OTRAS MARCAS,OTROS PROVEEDORES
90923149,C340,OTRAS MARCAS,OTROS PROVEEDORES
96996729,C340,OTRAS MARCAS,OTROS PROVEEDORES
96188087,C340,OTRAS MARCAS,OTROS PROVEEDORES
94180301,C353,OTRAS MARCAS,OTROS PROVEEDORES
99537148,C575,OTRAS MARCAS,OTROS PROVEEDORES
94139980,C457,OTRAS MARCAS,OTROS PROVEEDORES
94440739,C749,M6041,P4867
94639418,C749,M6041,P4867
91931490,C749,M6041,P4867
94100240,C920,M6041,P4867
96910144,C920,M6041,P4867
93931445,C749,M6041,P4867
92905039,C920,M6041,P4867
98273955,C340,OTRAS MARCAS,OTROS PROVEEDORES
91118404,C340,OTRAS MARCAS,OTROS PROVEEDORES
96104059,C340,OTRAS MARCAS,OTROS PROVEEDORES
92618493,C340,OTRAS MARCAS,OTROS PROVEEDORES
94074430,C340,OTRAS MARCAS,OTROS PROVEEDORES
95236542,C457,M3491,P5386
96296184,C457,M3491,P5386
92873006,C457,M3491,P5386
90420108,C457,OTRAS MARCAS,OTROS PROVEEDORES
93937501,C457,M9432,OTROS PROVEEDORES
99059847,C457,OTRAS MARCAS,OTROS PROVEEDORES
90247774,C457,M7775,OTROS PROVEEDORES
90115226,C457,OTRAS MARCAS,OTROS PROVEEDORES
90077585,C749,OTRAS MARCAS,OTROS PROVEEDORES
98720960,C749,OTRAS MARCAS,OTROS PROVEEDORES
92815876,C749,OTRAS MARCAS,OTROS PROVEEDORES
96581737,C340,OTRAS MARCAS,OTROS PROVEEDORES
95862879,C340,OTRAS MARCAS,OTROS PROVEEDORES
99084356,C340,OTRAS MARCAS,OTROS PROVEEDORES
92882447,C340,OTRAS MARCAS,OTROS PROVEEDORES
99819574,C340,OTRAS MARCAS,OTROS PROVEEDORES
95997242,C340,OTRAS MARCAS,OTROS PROVEEDORES
98024400,C158,OTRAS MARCAS,OTROS PROVEEDORES
91031010,C457,OTRAS MARCAS,OTROS PROVEEDORES
94693816,C920,OTRAS MARCAS,OTROS PROVEEDORES
99926954,C457,OTRAS MARCAS,OTROS PROVEEDORES
92423183,C457,OTRAS MARCAS,OTROS PROVEEDORES
93178326,C340,OTRAS MARCAS,OTROS PROVEEDORES
91408719,C340,OTRAS MARCAS,OTROS PROVEEDORES
97217373,C749,M8938,P4877
90432779,C749,M8938,P4877
98796432,C920,M8938,P4877
96981561,C575,M8938,P4877
97751518,C575,M8938,P4877
91347898,C749,M8938,P4877
96610256,C920,M8938,P4877
92900430,C340,OTRAS MARCAS,OTROS PROVEEDORES
98899674,C749,OTRAS MARCAS,OTROS PROVEEDORES
94138409,C457,OTRAS MARCAS,OTROS PROVEEDORES
93522056,C457,OTRAS MARCAS,OTROS PROVEEDORES
91704141,C158,OTRAS MARCAS,OTROS PROVEEDORES
98633555,C158,OTRAS MARCAS,OTROS PROVEEDORES
98015344,C749,OTRAS MARCAS,OTROS PROVEEDORES
99055534,C575,OTRAS MARCAS,OTROS PROVEEDORES
99047153,C340,OTRAS MARCAS,OTROS PROVEEDORES
94756540,C749,OTRAS MARCAS,P5082
92198788,C749,M5061,P5082
95271804,C749,M5061,P5082
97630441,C749,M5061,P5082
91249069,C749,M5061,P5082
94883969,C749,M5061,P5082
98960587,C920,M5061,P5082
94277631,C749,M5061,P5082
90390017,C457,OTRAS MARCAS,OTROS PROVEEDORES
95295409,C457,OTRAS MARCAS,OTROS PROVEEDORES
97920823,C749,OTRAS MARCAS,OTROS PROVEEDORES
96036035,C749,OTRAS MARCAS,OTROS PROVEEDORES
98287038,C749,OTRAS MARCAS,OTROS PROVEEDORES
92046485,C749,OTRAS MARCAS,OTROS PROVEEDORES
95437747,C340,OTRAS MARCAS,OTROS PROVEEDORES
98384428,C457,OTRAS MARCAS,OTROS PROVEEDORES
95456369,C920,OTRAS MARCAS,OTROS PROVEEDORES
96660776,C920,OTRAS MARCAS,OTROS PROVEEDORES
92130292,C457,M4635,P1434
98356793,C457,M4635,P1434
95792613,C920,M4635,P1434
99198653,C749,M4635,P1434
91542136,C749,M4635,P1434
97764226,C749,M4635,P1434
93079328,C749,M4635,P1434
90480333,C920,M4635,P1434
91208464,C920,M4635,P1434
91071225,C749,M4635,P1434
91816085,C920,M4635,P1434
94790871,C749,M4635,P1434
99453827,C749,M4635,P1434
90477693,C920,M4635,P1434
99385252,C749,M4635,P1434
93870830,C457,M4635,P1434
95313679,C920,M4635,P1434
91331721,C749,M4635,P1434
95632106,C920,OTRAS MARCAS,OTROS PROVEEDORES
93575718,C920,OTRAS MARCAS,OTROS PROVEEDORES
99801329,C575,OTRAS MARCAS,OTROS PROVEEDORES
99680289,C575,OTRAS MARCAS,OTROS PROVEEDORES
92517716,C575,M3959,P4872
95563094,C575,M3959,P4872
91497303,C575,OTRAS MARCAS,OTROS PROVEEDORES
90979507,C575,OTRAS MARCAS,OTROS PROVEEDORES
97559273,C158,OTRAS MARCAS,OTROS PROVEEDORES
97037947,C158,OTRAS MARCAS,OTROS PROVEEDORES
98826985,C749,OTRAS MARCAS,OTROS PROVEEDORES
93494210,C158,OTRAS MARCAS,OTROS PROVEEDORES
98633736,C158,OTRAS MARCAS,OTROS PROVEEDORES
91798474,C158,OTRAS MARCAS,OTROS PROVEEDORES
96819265,C158,OTRAS MARCAS,OTROS PROVEEDORES
95244478,C158,OTRAS MARCAS,OTROS PROVEEDORES
92249825,C158,OTRAS MARCAS,OTROS PROVEEDORES
98936184,C158,OTRAS MARCAS,OTROS PROVEEDORES
97670131,C158,OTRAS MARCAS,OTROS PROVEEDORES
91196552,C749,OTRAS MARCAS,OTROS PROVEEDORES
95078900,C575,M3397,P3054
95127182,C575,M3397,P3054
96430386,C168,M5438,OTROS PROVEEDORES
92540211,C575,M3397,P3054
92355529,C575,M3397,P3054
90082325,C575,M3397,P3054
99165306,C158,OTRAS MARCAS,OTROS PROVEEDORES
94998460,C749,OTRAS MARCAS,OTROS PROVEEDORES
92433018,C575,M3397,P3054
90421264,C575,M3397,P3054
98462078,C575,M3397,P3054
96037302,C575,M3397,P3054
93225035,C575,M3397,P3054
91983744,C575,M3397,P3054
92460051,C575,M3397,P3054
91091769,C353,OTRAS MARCAS,OTROS PROVEEDORES
97027087,C353,M777,OTROS PROVEEDORES
99852965,C353,M777,OTROS PROVEEDORES
92087182,C353,M777,OTROS PROVEEDORES
95780398,C749,OTRAS MARCAS,OTROS PROVEEDORES
99331200,C749,OTRAS MARCAS,OTROS PROVEEDORES
94069466,C749,OTRAS MARCAS,OTROS PROVEEDORES
92747305,C749,OTRAS MARCAS,OTROS PROVEEDORES
99151684,C749,OTRAS MARCAS,OTROS PROVEEDORES
98590176,C158,OTRAS MARCAS,OTROS PROVEEDORES
99948593,C158,OTRAS MARCAS,OTROS PROVEEDORES
98629680,C158,OTRAS MARCAS,OTROS PROVEEDORES
97288280,C158,OTRAS MARCAS,OTROS PROVEEDORES
96900655,C920,OTRAS MARCAS,OTROS PROVEEDORES
90851473,C920,OTRAS MARCAS,OTROS PROVEEDORES
97510669,C749,M536,P9514
94243028,C749,M536,P9514
95445497,C457,OTRAS MARCAS,OTROS PROVEEDORES
91828141,C575,OTRAS MARCAS,OTROS PROVEEDORES
96503104,C749,OTRAS MARCAS,OTROS PROVEEDORES
90063538,C158,M813,P1248
94252374,C158,M813,P1248
92046684,C158,M813,P1248
98134818,C158,M813,P1248
90260773,C158,M813,P1248
90664852,C158,M813,P1248
90294435,C340,OTRAS MARCAS,OTROS PROVEEDORES
93290946,C340,OTRAS MARCAS,OTROS PROVEEDORES
91104819,C340,OTRAS MARCAS,OTROS PROVEEDORES
97976641,C575,OTRAS MARCAS,OTROS PROVEEDORES
90071808,C575,OTRAS MARCAS,OTROS PROVEEDORES
91721693,C340,OTRAS MARCAS,OTROS PROVEEDORES
97029946,C340,OTRAS MARCAS,OTROS PROVEEDORES
96458441,C575,OTRAS MARCAS,OTROS PROVEEDORES
94481419,C575,OTRAS MARCAS,OTROS PROVEEDORES
93360975,C575,OTRAS MARCAS,OTROS PROVEEDORES
99704133,C457,OTRAS MARCAS,OTROS PROVEEDORES
98498393,C457,OTRAS MARCAS,OTROS PROVEEDORES
97528232,C353,OTRAS MARCAS,OTROS PROVEEDORES
93650423,C353,OTRAS MARCAS,OTROS PROVEEDORES
99389009,C457,M9911,P617
98625509,C457,M9911,P617
92737227,C920,OTRAS MARCAS,OTROS PROVEEDORES
90118005,C457,M7650,P617
95596139,C457,OTRAS MARCAS,P617
90516261,C457,M4977,P617
99160409,C457,M4977,P617
96707927,C457,OTRAS MARCAS,OTROS PROVEEDORES
96327838,C749,M1577,P8143
94756048,C749,OTRAS MARCAS,OTROS PROVEEDORES
91518311,C575,OTRAS MARCAS,OTROS PROVEEDORES
93041609,C575,OTRAS MARCAS,OTROS PROVEEDORES
91980851,C575,OTRAS MARCAS,OTROS PROVEEDORES
91962887,C575,OTRAS MARCAS,OTROS PROVEEDORES
93517101,C575,OTRAS MARCAS,OTROS PROVEEDORES
93509321,C575,OTRAS MARCAS,OTROS PROVEEDORES
92667413,C575,OTRAS MARCAS,OTROS PROVEEDORES
91217052,C575,OTRAS MARCAS,OTROS PROVEEDORES
90823006,C575,OTRAS MARCAS,OTROS PROVEEDORES
90409717,C575,OTRAS MARCAS,OTROS PROVEEDORES
91400077,C575,OTRAS MARCAS,OTROS PROVEEDORES
92633931,C749,OTRAS MARCAS,OTROS PROVEEDORES
97575660,C457,OTRAS MARCAS,OTROS PROVEEDORES
93622344,C749,OTRAS MARCAS,OTROS PROVEEDORES
92357593,C749,OTRAS MARCAS,OTROS PROVEEDORES
94110754,C575,OTRAS MARCAS,OTROS PROVEEDORES
94625913,C353,M4098,P2048
98524838,C353,M4098,P2048
96668066,C353,M4098,P2048
96555421,C353,M4098,P2048
90579563,C353,M4098,P2048
96112518,C353,OTRAS MARCAS,OTROS PROVEEDORES
97273231,C353,OTRAS MARCAS,OTROS PROVEEDORES
96983529,C158,OTRAS MARCAS,OTROS PROVEEDORES
94849109,C158,OTRAS MARCAS,OTROS PROVEEDORES
93018127,C158,OTRAS MARCAS,OTROS PROVEEDORES
97745471,C749,OTRAS MARCAS,OTROS PROVEEDORES
92922990,C749,OTRAS MARCAS,OTROS PROVEEDORES
96632224,C158,OTRAS MARCAS,OTROS PROVEEDORES
98277331,C158,OTRAS MARCAS,OTROS PROVEEDORES
94764413,C158,OTRAS MARCAS,OTROS PROVEEDORES
90232303,C158,OTRAS MARCAS,OTROS PROVEEDORES
90351993,C158,OTRAS MARCAS,OTROS PROVEEDORES
93787754,C158,OTRAS MARCAS,OTROS PROVEEDORES
97917257,C749,OTRAS MARCAS,OTROS PROVEEDORES
95276956,C353,OTRAS MARCAS,OTROS PROVEEDORES
94476061,C457,OTRAS MARCAS,OTROS PROVEEDORES
93875147,C457,M8276,P4872
99064900,C457,M6196,P992
97689383,C457,OTRAS MARCAS,OTROS PROVEEDORES
95887600,C575,OTRAS MARCAS,OTROS PROVEEDORES
91746299,C575,OTRAS MARCAS,OTROS PROVEEDORES
97046944,C575,OTRAS MARCAS,OTROS PROVEEDORES
93781775,C575,OTRAS MARCAS,OTROS PROVEEDORES
98210876,C575,OTRAS MARCAS,OTROS PROVEEDORES
97742797,C575,OTRAS MARCAS,OTROS PROVEEDORES
92678177,C575,OTRAS MARCAS,OTROS PROVEEDORES
98664872,C575,OTRAS MARCAS,OTROS PROVEEDORES
98896427,C575,OTRAS MARCAS,OTROS PROVEEDORES
96549470,C575,OTRAS MARCAS,OTROS PROVEEDORES
98382540,C158,OTRAS MARCAS,OTROS PROVEEDORES
96284853,C749,OTRAS MARCAS,OTROS PROVEEDORES
95127588,C158,OTRAS MARCAS,OTROS PROVEEDORES
97492750,C920,M991,P4872
93164375,C920,M991,P4872
97668915,C920,M991,P4872
96739092,C920,M991,P4872
95992030,C920,M991,P4872
95263519,C920,M991,P4872
92833792,C749,OTRAS MARCAS,OTROS PROVEEDORES
94489428,C353,OTRAS MARCAS,OTROS PROVEEDORES
96465153,C749,OTRAS MARCAS,OTROS PROVEEDORES
92854584,C457,OTRAS MARCAS,OTROS PROVEEDORES
96879142,C749,OTRAS MARCAS,OTROS PROVEEDORES
95930440,C749,M6534,P8643
96585943,C749,M6534,P8643
94732100,C749,M6534,P8643
90274189,C920,M6534,P8643
94005260,C749,M6534,P8643
95584604,C749,M6534,P8643
91415897,C920,M6534,P8643
96379440,C749,M6534,P8643
94628924,C920,M6534,P8643
91155930,C749,M6534,P8643
98499851,C749,M6534,P8643
98641187,C457,OTRAS MARCAS,OTROS PROVEEDORES
93614829,C457,OTRAS MARCAS,OTROS PROVEEDORES
93201673,C158,OTRAS MARCAS,OTROS PROVEEDORES
90115671,C158,OTRAS MARCAS,OTROS PROVEEDORES
95966983,C158,OTRAS MARCAS,OTROS PROVEEDORES
94057630,C158,OTRAS MARCAS,OTROS PROVEEDORES
95210913,C158,OTRAS MARCAS,OTROS PROVEEDORES
91968549,C158,OTRAS MARCAS,OTROS PROVEEDORES
90396347,C158,OTRAS MARCAS,OTROS PROVEEDORES
90264762,C158,OTRAS MARCAS,OTROS PROVEEDORES
94356134,C158,OTRAS MARCAS,OTROS PROVEEDORES
99945868,C158,OTRAS MARCAS,OTROS PROVEEDORES
93219743,C158,OTRAS MARCAS,OTROS PROVEEDORES
96109641,C158,OTRAS MARCAS,OTROS PROVEEDORES
93012347,C158,OTRAS MARCAS,OTROS PROVEEDORES
93278494,C158,OTRAS MARCAS,OTROS PROVEEDORES
91741483,C353,M783,P1532
93191384,C749,OTRAS MARCAS,OTROS PROVEEDORES
93545417,C158,OTRAS MARCAS,OTROS PROVEEDORES
99583698,C158,OTRAS MARCAS,OTROS PROVEEDORES
99612161,C158,OTRAS MARCAS,OTROS PROVEEDORES
96151104,C158,OTRAS MARCAS,OTROS PROVEEDORES
91799646,C158,OTRAS MARCAS,OTROS PROVEEDORES
99965934,C353,OTRAS MARCAS,OTROS PROVEEDORES
95812552,C168,M3860,P3195
93227313,C168,M3548,P5046
99722603,C168,M3548,P5046
96267157,C340,OTRAS MARCAS,OTROS PROVEEDORES
90932980,C168,M7806,P1177
93404222,C749,M7806,P1177
90724801,C168,M7806,P1177
94325124,C168,M7806,P1177
91181417,C575,M7806,P1177
93847047,C168,M7806,P1177
91320965,C168,M7806,P1177
99158273,C168,M7806,P1177
94968697,C168,M7806,P1177
96535205,C168,OTRAS MARCAS,P4872
98814346,C168,M7806,P1177
94378206,C168,M7806,P1177
94338174,C158,OTRAS MARCAS,OTROS PROVEEDORES
91152300,C749,OTRAS MARCAS,OTROS PROVEEDORES
91694554,C457,OTRAS MARCAS,OTROS PROVEEDORES
97873061,C457,OTRAS MARCAS,OTROS PROVEEDORES
91968111,C457,OTRAS MARCAS,OTROS PROVEEDORES
97473151,C457,OTRAS MARCAS,OTROS PROVEEDORES
98979632,C457,OTRAS MARCAS,OTROS PROVEEDORES
91433290,C749,OTRAS MARCAS,OTROS PROVEEDORES
96416080,C158,OTRAS MARCAS,OTROS PROVEEDORES
91286793,C920,OTRAS MARCAS,OTROS PROVEEDORES
91058045,C158,M8460,OTROS PROVEEDORES
94355802,C158,M8460,OTROS PROVEEDORES
95872789,C158,M8460,OTROS PROVEEDORES
91848892,C158,M8460,OTROS PROVEEDORES
93133958,C158,M8460,OTROS PROVEEDORES
92232735,C158,M8460,OTROS PROVEEDORES
93211609,C158,M8460,OTROS PROVEEDORES
93636730,C158,M8460,OTROS PROVEEDORES
90025093,C158,M8460,OTROS PROVEEDORES
98150788,C158,M8460,OTROS PROVEEDORES
94545859,C158,M40,P7638
93737468,C158,M40,P7638
95410214,C158,M40,P7638
90539225,C158,M40,P7638
96170702,C158,M40,P7638
99437439,C158,M40,P7638
97034480,C158,M5397,P7638
94231772,C158,M5397,P7638
90471310,C158,M1204,P7638
94999850,C158,M5397,P7638
95700919,C158,M5397,P7638
92609281,C158,M9465,P7638
93054791,C158,M40,P7638
99284284,C158,M5397,P7638
94475650,C158,M5397,P7638
96135530,C158,M5397,P7638
96171926,C158,OTRAS MARCAS,OTROS PROVEEDORES
94689381,C457,OTRAS MARCAS,OTROS PROVEEDORES
94934992,C749,OTRAS MARCAS,OTROS PROVEEDORES
95407982,C457,OTRAS MARCAS,OTROS PROVEEDORES
99660879,C158,M9038,P7187
90556564,C158,M9038,P7187
96409496,C158,M9038,P7187
95404688,C158,M9038,P7187
93429275,C158,M9038,P7187
91537721,C158,M9038,P7187
99278508,C158,M9038,P7187
92282727,C158,M9038,P7187
97002100,C158,M9038,P7187
93890885,C158,M9038,P7187
92006481,C158,M9038,P7187
90200663,C158,M9038,P7187
92152495,C457,OTRAS MARCAS,OTROS PROVEEDORES
97199276,C158,OTRAS MARCAS,OTROS PROVEEDORES
98306366,C158,OTRAS MARCAS,OTROS PROVEEDORES
99817265,C158,OTRAS MARCAS,OTROS PROVEEDORES
98139528,C158,OTRAS MARCAS,OTROS PROVEEDORES
98233154,C158,OTRAS MARCAS,OTROS PROVEEDORES
95044265,C158,OTRAS MARCAS,OTROS PROVEEDORES
94715211,C158,OTRAS MARCAS,OTROS PROVEEDORES
99989449,C457,OTRAS MARCAS,OTROS PROVEEDORES
98653276,C457,OTRAS MARCAS,OTROS PROVEEDORES
92474686,C457,M6800,P9774
92763120,C457,M8276,P4872
98019041,C457,M6551,OTROS PROVEEDORES
95967118,C457,M9619,P7131
94712101,C168,M6406,P8295
99008521,C575,M5622,OTROS PROVEEDORES
94265699,C575,OTRAS MARCAS,OTROS PROVEEDORES
99359368,C457,M8276,P4872
97793088,C457,M8276,P4872
90307131,C457,M8276,P4872
96917251,C457,M8276,P4872
97308146,C457,M9424,P4872
96223214,C457,M9424,P4872
93833280,C575,M3959,P4872
95678444,C575,M3959,P4872
98576986,C158,M3959,P4872
95174027,C457,M9424,P4872
91110583,C353,M6318,P4872
90567167,C457,M8276,P4872
97920457,C457,M9424,P4872
94870312,C353,M6318,P4872
91984643,C353,M6318,P4872
91001177,C457,M9424,P4872
96875588,C575,M3959,P4872
98371716,C575,M3959,P4872
90505630,C457,M8276,P4872
96856011,C457,M8276,P4872
98745389,C457,M8276,P4872
97029831,C457,M8276,P4872
90726830,C457,M8276,P4872
94875796,C457,M8276,P4872
95664899,C457,M9154,P2214
99003394,C353,OTRAS MARCAS,OTROS PROVEEDORES
95286996,C457,M9526,P756
98370897,C457,M9526,P756
91026179,C457,M9526,P756
97137618,C168,OTRAS MARCAS,OTROS PROVEEDORES
99494821,C168,M8458,P4112
96147666,C353,OTRAS MARCAS,OTROS PROVEEDORES
96706916,C749,OTRAS MARCAS,P8299
94986272,C920,M387,P9224
93540876,C920,M387,P9224
94174374,C920,OTRAS MARCAS,OTROS PROVEEDORES
96475477,C920,M387,P9224
99419538,C457,M387,P9224
95826953,C168,OTRAS MARCAS,OTROS PROVEEDORES
91167619,C353,M387,P9224
96979010,C457,M2598,P4086
90188580,C457,M783,P1532
95198015,C457,M7650,P617
96314167,C457,M783,P1532
93855244,C457,M783,P1532
91779838,C457,OTRAS MARCAS,OTROS PROVEEDORES
91611819,C353,M783,P1532
99568427,C158,OTRAS MARCAS,OTROS PROVEEDORES
92506484,C457,M783,P1532
96890450,C457,M783,P1532
95351438,C158,OTRAS MARCAS,OTROS PROVEEDORES
95675879,C457,M783,P1532
94948809,C457,M9327,P1532
90451616,C457,M783,P1532
98034259,C457,M783,P1532
98463465,C457,M783,P1532
99578478,C457,M783,P1532
93411150,C457,M783,P1532
94305194,C457,M783,P1532
93828606,C158,M5397,P7638
90046549,C457,M9327,P1532
90507996,C340,OTRAS MARCAS,OTROS PROVEEDORES
98951109,C168,OTRAS MARCAS,OTROS PROVEEDORES
93662981,C340,OTRAS MARCAS,OTROS PROVEEDORES
96935195,C340,OTRAS MARCAS,OTROS PROVEEDORES
92495319,C457,M7302,OTROS PROVEEDORES
99487853,C353,M783,P1532
93603200,C457,M7838,OTROS PROVEEDORES
94943127,C168,OTRAS MARCAS,OTROS PROVEEDORES
98861787,C353,OTRAS MARCAS,OTROS PROVEEDORES
98987299,C457,OTRAS MARCAS,OTROS PROVEEDORES
98155350,C749,OTRAS MARCAS,OTROS PROVEEDORES
93774108,C575,M5951,OTROS PROVEEDORES
95184471,C920,M3094,P7173
97884320,C158,OTRAS MARCAS,OTROS PROVEEDORES
96893070,C353,OTRAS MARCAS,OTROS PROVEEDORES
94312025,C920,M5087,P8856
93020610,C457,M9702,P7358
94308046,C457,OTRAS MARCAS,OTROS PROVEEDORES
95210417,C920,M9702,P7358
99621004,C920,M991,P4872
95987924,C457,M9702,P7358
95421069,C749,M9702,P7358
93416721,C340,OTRAS MARCAS,OTROS PROVEEDORES
93224885,C457,M783,P1532
99987619,C353,M1420,P100
95046875,C353,M2090,P100
99125790,C457,M2090,P100
94516357,C353,OTRAS MARCAS,OTROS PROVEEDORES
97933774,C353,OTRAS MARCAS,OTROS PROVEEDORES
96217156,C168,M8458,P4112
95202335,C168,M8458,P4112
95366264,C168,M8458,P4112
94110274,C168,M8458,P4112
90255037,C168,M8458,P4112
92875733,C168,M8458,P4112
99598505,C457,M1582,P9140
90551879,C749,M1582,P9140
97851750,C158,M1582,P9140
94159718,C457,M2862,P5363
93553166,C353,M783,P1532
98985422,C353,M783,P1532
94990732,C340,OTRAS MARCAS,OTROS PROVEEDORES
91922277,C457,M3095,OTROS PROVEEDORES
93128378,C340,M7022,P1218
92477673,C749,M6534,P8643
93495980,C340,OTRAS MARCAS,OTROS PROVEEDORES
91632900,C353,OTRAS MARCAS,OTROS PROVEEDORES
94282731,C158,M1418,OTROS PROVEEDORES
96063356,C457,M2417,OTROS PROVEEDORES
95954919,C920,M5061,P5082
98821303,C353,OTRAS MARCAS,OTROS PROVEEDORES
94035657,C920,M6041,P4867
98711745,C920,M6041,P4867
96427013,C749,OTRAS MARCAS,OTROS PROVEEDORES
96172974,C749,OTRAS MARCAS,OTROS PROVEEDORES
90496781,C749,M8938,P4877
92987982,C575,M8938,P4877
96666327,C749,M8938,P4877
91436667,C158,OTRAS MARCAS,OTROS PROVEEDORES
95318308,C457,OTRAS MARCAS,OTROS PROVEEDORES
94485750,C920,M4635,P1434
97813174,C749,M4635,P1434
92837648,C749,M4635,P1434
93058015,C749,M4635,P1434
91963372,C158,OTRAS MARCAS,OTROS PROVEEDORES
92828499,C158,OTRAS MARCAS,OTROS PROVEEDORES
99174093,C158,OTRAS MARCAS,OTROS PROVEEDORES
90409835,C158,OTRAS MARCAS,OTROS PROVEEDORES
99734402,C575,OTRAS MARCAS,OTROS PROVEEDORES
97826331,C575,OTRAS MARCAS,OTROS PROVEEDORES
95956719,C158,OTRAS MARCAS,OTROS PROVEEDORES
95424037,C158,OTRAS MARCAS,OTROS PROVEEDORES
91361663,C158,OTRAS MARCAS,OTROS PROVEEDORES
97041942,C158,OTRAS MARCAS,OTROS PROVEEDORES
95243729,C158,OTRAS MARCAS,OTROS PROVEEDORES
91986441,C158,OTRAS MARCAS,OTROS PROVEEDORES
91662257,C749,OTRAS MARCAS,OTROS PROVEEDORES
98895285,C457,M9619,P7131
96403896,C749,OTRAS MARCAS,OTROS PROVEEDORES
98611116,C749,OTRAS MARCAS,OTROS PROVEEDORES
99172666,C457,M4977,P617
90753203,C168,OTRAS MARCAS,OTROS PROVEEDORES
95804785,C575,OTRAS MARCAS,OTROS PROVEEDORES
97053724,C457,OTRAS MARCAS,OTROS PROVEEDORES
91997061,C158,OTRAS MARCAS,OTROS PROVEEDORES
96031516,C158,OTRAS MARCAS,OTROS PROVEEDORES
92495891,C353,M783,P1532
92688384,C353,M783,P1532
97836683,C353,M9327,P1532
98776449,C353,M9327,P1532
91217172,C353,M9327,P1532
96752969,C168,M3548,P5046
95494187,C168,M7806,P1177
94940133,C457,M2598,P4086
96809042,C457,M2598,P4086
92874047,C457,M9502,OTROS PROVEEDORES
95457488,C457,M9502,OTROS PROVEEDORES
94806493,C457,M9502,OTROS PROVEEDORES
96906800,C158,M40,P7638
90440545,C158,M40,P7638
96267575,C158,M5397,P7638
97000860,C158,OTRAS MARCAS,P7638
95817350,C158,M40,P7638
92368303,C457,OTRAS MARCAS,OTROS PROVEEDORES
97798644,C158,M9038,P7187
95667436,C158,OTRAS MARCAS,OTROS PROVEEDORES
92586918,C575,OTRAS MARCAS,OTROS PROVEEDORES
99973120,C158,M3782,P7724
90560386,C158,M7200,P7713
91711019,C158,M7200,P7713
99489921,C158,M3782,P7724
99284971,C158,M7200,P7713
96900029,C158,OTRAS MARCAS,OTROS PROVEEDORES
99284933,C749,OTRAS MARCAS,OTROS PROVEEDORES
91573687,C457,OTRAS MARCAS,OTROS PROVEEDORES
98006520,C920,M991,P4872
94421080,C353,M3119,P4872
90043609,C920,M991,P4872
90227815,C920,M991,P4872
91113488,C920,M991,P4872
93056210,C920,M991,P4872
97979685,C457,M991,P4872
93002663,C920,M991,P4872
97678973,C920,M991,P4872
90988322,C920,M991,P4872
96761828,C920,M991,P4872
92722704,C920,M991,P4872
97811656,C920,M991,P4872
97603173,C920,OTRAS MARCAS,P4872
90235686,C575,OTRAS MARCAS,P1084
96032271,C158,M4857,P4872
97614025,C575,M4857,P4872
92770963,C158,OTRAS MARCAS,OTROS PROVEEDORES
96507724,C158,OTRAS MARCAS,OTROS PROVEEDORES
93950095,C158,OTRAS MARCAS,OTROS PROVEEDORES
94091749,C158,OTRAS MARCAS,OTROS PROVEEDORES
99086029,C457,OTRAS MARCAS,OTROS PROVEEDORES
93534029,C457,M536,P9514
91542214,C158,OTRAS MARCAS,OTROS PROVEEDORES
91230278,C457,M1002,P6086
90487511,C749,M3240,P6086
93068448,C920,M3240,P6086
95201348,C457,M3240,P6086
93280183,C920,M3240,P6086
99860781,C457,M3240,P6086
93249700,C920,OTRAS MARCAS,OTROS PROVEEDORES
96643210,C353,M3240,P6086
94476394,C749,M536,P9514
91393394,C749,M3240,P6086
90869856,C457,M3240,P6086
90457233,C457,M3240,P6086
98411858,C749,M3240,P6086
92181618,C749,M3240,P6086
93066141,C457,M3240,P6086
99543959,C749,M3240,P6086
90430039,C920,M3240,P6086
94824729,C749,M3240,P6086
94923259,C575,M3240,P6086
92413646,C575,M3240,P6086
93128306,C457,M3240,P6086
92397613,C353,M3240,P6086
95576008,C920,M3240,P6086
98990385,C749,M3240,P6086
92104984,C749,M3240,P6086
97343421,C749,M3240,P6086
96333922,C457,M1002,P6086
93248803,C457,M3240,P6086
93316924,C749,M1002,P6086
90167473,C168,M1288,OTROS PROVEEDORES
97663957,C168,M1288,OTROS PROVEEDORES
94074612,C168,M6406,P8295
92067515,C168,M6406,P8295
90948303,C168,M6406,P8295
94680681,C168,OTRAS MARCAS,OTROS PROVEEDORES
93137564,C168,M6406,P8295
98255207,C168,M6406,P8295
95965846,C168,M6406,P8295
91425127,C749,OTRAS MARCAS,OTROS PROVEEDORES
98498281,C749,OTRAS MARCAS,OTROS PROVEEDORES
98877739,C749,OTRAS MARCAS,OTROS PROVEEDORES
96591546,C749,M536,P9514
95689788,C158,OTRAS MARCAS,OTROS PROVEEDORES
93192041,C158,M2841,P6350
91569393,C158,M2841,P6350
98539721,C158,M5702,P3214
96203131,C158,M5702,P3214
96294391,C158,OTRAS MARCAS,OTROS PROVEEDORES
99087187,C340,OTRAS MARCAS,OTROS PROVEEDORES
94597206,C920,M11,P6496
94295335,C353,M6154,P1832
91159521,C920,M6800,P9774
98667855,C168,M6800,P9774
96217156,C168,M8458,P4112
91242712,C353,M4098,P2048
99122165,C457,OTRAS MARCAS,OTROS PROVEEDORES
98602738,C158,M8798,P143
91116673,C158,M2841,P6350
90703470,C340,OTRAS MARCAS,OTROS PROVEEDORES
90969698,C158,OTRAS MARCAS,OTROS PROVEEDORES
92985158,C575,OTRAS MARCAS,OTROS PROVEEDORES
93290791,C158,OTRAS MARCAS,OTROS PROVEEDORES
96069234,C749,M9037,P6496
98922483,C920,M9037,P6496
99708789,C920,M9037,P6496
98141330,C575,M9037,P6496
97042258,C920,M9037,P6496
94214239,C920,M11,P6496
94219841,C158,M9037,P6496
95299903,C353,M3119,P4872
91085762,C353,M3119,P4872
95367238,C353,M3119,P4872
91937735,C457,M7054,P1832
90899064,C457,M6154,P1832
97632949,C457,M6154,P1832
92165538,C457,M1351,P1832
96929395,C168,M6154,P1832
98250894,C158,M3467,P8417
96402311,C920,M3467,P8417
95912446,C158,OTRAS MARCAS,OTROS PROVEEDORES
98686264,C457,M6800,P9774
97114106,C353,M6800,P9774
96354256,C353,M6800,P9774
91332798,C457,M6800,P9774
97660381,C457,M1948,P9774
95827769,C457,M6800,P9774
96609405,C575,OTRAS MARCAS,P3394
98606753,C457,OTRAS MARCAS,P4872
91832685,C353,M6318,P4872
90236040,C575,OTRAS MARCAS,P4872
96774063,C457,M8276,P4872
95086397,C457,M8276,P4872
99777940,C168,M991,P4872
90579796,C457,M8276,P4872
97629120,C353,M8276,P4872
93634233,C575,M3959,P4872
90704353,C575,M3959,P4872
98022780,C340,OTRAS MARCAS,OTROS PROVEEDORES
94526427,C575,OTRAS MARCAS,OTROS PROVEEDORES
91652611,C340,OTRAS MARCAS,OTROS PROVEEDORES
97999118,C575,OTRAS MARCAS,OTROS PROVEEDORES
94615717,C457,M387,P9224
97004831,C457,M387,P9224
91513648,C457,M783,P1532
95675202,C749,OTRAS MARCAS,OTROS PROVEEDORES
92342862,C457,OTRAS MARCAS,OTROS PROVEEDORES
95631971,C457,OTRAS MARCAS,P1532
98261194,C340,OTRAS MARCAS,OTROS PROVEEDORES
90022747,C158,OTRAS MARCAS,OTROS PROVEEDORES
94989136,C353,M4642,OTROS PROVEEDORES
98093934,C749,M6912,P2962
97641017,C457,M6965,P6
96663700,C340,OTRAS MARCAS,OTROS PROVEEDORES
97566673,C749,OTRAS MARCAS,OTROS PROVEEDORES
99167863,C749,OTRAS MARCAS,OTROS PROVEEDORES
98136419,C457,OTRAS MARCAS,OTROS PROVEEDORES
97657531,C353,OTRAS MARCAS,OTROS PROVEEDORES
99481040,C158,OTRAS MARCAS,OTROS PROVEEDORES
99518359,C353,OTRAS MARCAS,OTROS PROVEEDORES
92523127,C749,M9702,P7358
99191566,C920,OTRAS MARCAS,OTROS PROVEEDORES
90552700,C749,OTRAS MARCAS,OTROS PROVEEDORES
99070111,C353,M6822,P9584
91460943,C575,M991,P4872
98072027,C168,M8458,P4112
98663890,C168,M8458,P4112
97349492,C575,OTRAS MARCAS,OTROS PROVEEDORES
97043962,C749,M1582,P9140
97324790,C749,M1582,P9140
98206574,C340,OTRAS MARCAS,OTROS PROVEEDORES
97336962,C340,OTRAS MARCAS,OTROS PROVEEDORES
90178563,C340,M9078,P2656
95354493,C749,OTRAS MARCAS,OTROS PROVEEDORES
95084150,C158,OTRAS MARCAS,OTROS PROVEEDORES
98648818,C920,M5061,P5082
90099698,C749,M5061,P5082
96412007,C920,OTRAS MARCAS,OTROS PROVEEDORES
97471496,C749,OTRAS MARCAS,OTROS PROVEEDORES
91153071,C340,OTRAS MARCAS,OTROS PROVEEDORES
97955462,C457,OTRAS MARCAS,OTROS PROVEEDORES
92719568,C575,OTRAS MARCAS,OTROS PROVEEDORES
95887746,C158,OTRAS MARCAS,OTROS PROVEEDORES
98099293,C158,OTRAS MARCAS,OTROS PROVEEDORES
91837302,C575,M5951,OTROS PROVEEDORES
90163666,C168,OTRAS MARCAS,OTROS PROVEEDORES
90735941,C575,M3397,P3054
96902618,C353,M777,OTROS PROVEEDORES
96119451,C749,OTRAS MARCAS,OTROS PROVEEDORES
99917233,C575,OTRAS MARCAS,OTROS PROVEEDORES
93680278,C749,OTRAS MARCAS,OTROS PROVEEDORES
98746578,C749,OTRAS MARCAS,OTROS PROVEEDORES
98439028,C457,M353,OTROS PROVEEDORES
90206202,C575,OTRAS MARCAS,OTROS PROVEEDORES
97281097,C575,OTRAS MARCAS,OTROS PROVEEDORES
91242712,C353,M4098,P2048
96941244,C353,M4098,P2048
92934430,C353,M4098,P2048
98417626,C575,OTRAS MARCAS,OTROS PROVEEDORES
95253427,C575,OTRAS MARCAS,OTROS PROVEEDORES
97487392,C920,M991,P4872
98264002,C168,M7806,P1177
95972652,C168,M7806,P1177
94685869,C353,M9619,P7131
97694390,C158,M5397,P7638
98421282,C920,OTRAS MARCAS,OTROS PROVEEDORES
96991921,C749,OTRAS MARCAS,OTROS PROVEEDORES
92850974,C158,OTRAS MARCAS,OTROS PROVEEDORES
92609834,C749,M991,P4872
94791583,C457,M3240,P6086
95437255,C168,M3240,P6086
93593380,C575,M6406,P8295
99370239,C158,M1672,P4207
99346610,C158,OTRAS MARCAS,OTROS PROVEEDORES
98642966,C158,M8687,OTROS PROVEEDORES
98410176,C158,OTRAS MARCAS,OTROS PROVEEDORES
91563218,C158,M9037,P6496
91063112,C920,M6800,P9774
97971498,C353,M6800,P9774
95108900,C353,M6800,P9774
94379090,C575,M8458,P4112
91211080,C575,OTRAS MARCAS,OTROS PROVEEDORES
95773674,C575,OTRAS MARCAS,OTROS PROVEEDORES
95345528,C158,OTRAS MARCAS,OTROS PROVEEDORES
95765647,C158,OTRAS MARCAS,OTROS PROVEEDORES
90157339,C340,OTRAS MARCAS,OTROS PROVEEDORES
92799019,C158,M5702,P3214
96820041,C158,M8687,OTROS PROVEEDORES
99629929,C575,M9037,P6496
93446119,C575,M9037,P6496
90781634,C457,M9037,P6496
99977316,C920,M9037,P6496
90986429,C920,M9037,P6496
95741995,C920,M9037,P6496
94035777,C353,M3119,P4872
96090291,C749,M9037,P6496
94787246,C457,M9424,P4872
94364678,C575,M9037,P6496
90599377,C353,M3119,P4872
98747560,C749,M11,P6496
97057078,C920,M6154,P1832
99909834,C168,M6154,P1832
91056737,C457,M1351,P1832
96829163,C353,M7926,P9965
91451134,C340,M9517,P2462
93212992,C158,M3467,P8417
94426720,C168,M2867,P6088
95892868,C457,M6800,P9774
95789929,C457,M6800,P9774
93589576,C575,OTRAS MARCAS,OTROS PROVEEDORES
90995061,C575,M3959,P4872
99262013,C457,M8276,P4872
93174852,C920,OTRAS MARCAS,P4872
94690554,C920,OTRAS MARCAS,P4872
93345840,C353,M6318,P4872
94674809,C353,M6318,P4872
98774794,C575,OTRAS MARCAS,P4872
94902242,C575,OTRAS MARCAS,P4872
98942753,C457,M8276,P4872
96790287,C457,M8276,P4872
96516953,C575,M991,P4872
99708485,C457,M9424,P4872
94248970,C749,M8276,P4872
93930307,C353,M6318,P4872
95420839,C575,M3959,P4872
99441832,C353,M6318,P4872
92671531,C575,M3959,P4872
95834894,C575,M3959,P4872
90304878,C920,M3661,P2441
91789235,C575,M6406,P8295
95661981,C457,OTRAS MARCAS,OTROS PROVEEDORES
97450584,C575,OTRAS MARCAS,OTROS PROVEEDORES
96245020,C457,M387,P9224
98675783,C457,M387,P9224
93177430,C749,M783,P1532
91731101,C457,M9327,P1532
96836585,C340,M6214,P5932
92774482,C457,M7302,OTROS PROVEEDORES
97056449,C749,OTRAS MARCAS,OTROS PROVEEDORES
95227823,C353,M9994,P4694
91413587,C353,M9056,OTROS PROVEEDORES
96809403,C749,OTRAS MARCAS,OTROS PROVEEDORES
93893015,C457,OTRAS MARCAS,OTROS PROVEEDORES
93024908,C920,OTRAS MARCAS,OTROS PROVEEDORES
97973207,C353,OTRAS MARCAS,OTROS PROVEEDORES
98192853,C920,M9702,P7358
96710341,C353,M1420,P100
96184171,C353,M2090,P100
96890789,C749,OTRAS MARCAS,OTROS PROVEEDORES
92077479,C168,M8458,P4112
95498609,C168,M8458,P4112
95585359,C575,M8458,P4112
91557382,C749,M8458,P4112
96615920,C340,M9517,P2462
96940150,C353,M1862,OTROS PROVEEDORES
99852325,C920,M1582,P9140
94513552,C749,M1582,P9140
97510061,C920,M1582,P9140
90074598,C457,OTRAS MARCAS,OTROS PROVEEDORES
91416830,C340,M725,P2103
91331503,C340,OTRAS MARCAS,OTROS PROVEEDORES
95315805,C457,M8577,P5386
99222415,C457,M8577,P5386
96938222,C920,OTRAS MARCAS,OTROS PROVEEDORES
95904382,C749,M5061,P5082
95729035,C575,OTRAS MARCAS,OTROS PROVEEDORES
99410503,C920,M4635,P1434
96592291,C749,OTRAS MARCAS,OTROS PROVEEDORES
91500593,C158,OTRAS MARCAS,OTROS PROVEEDORES
91676034,C575,M3397,P3054
99287538,C749,OTRAS MARCAS,OTROS PROVEEDORES
90034270,C353,OTRAS MARCAS,OTROS PROVEEDORES
93994657,C457,M4977,P617
99852242,C457,M4977,P617
91393259,C353,M4098,P2048
96940309,C353,M4098,P2048
93486117,C353,OTRAS MARCAS,OTROS PROVEEDORES
94844767,C749,OTRAS MARCAS,OTROS PROVEEDORES
94009993,C749,OTRAS MARCAS,OTROS PROVEEDORES
96795892,C749,M9863,P5503
92110547,C457,OTRAS MARCAS,P992
99226105,C457,M6196,P992
98775217,C457,OTRAS MARCAS,OTROS PROVEEDORES
96407327,C457,OTRAS MARCAS,OTROS PROVEEDORES
94874847,C920,OTRAS MARCAS,OTROS PROVEEDORES
93783915,C749,OTRAS MARCAS,OTROS PROVEEDORES
95994805,C920,M6534,P8643
94573506,C749,OTRAS MARCAS,OTROS PROVEEDORES
99430106,C158,OTRAS MARCAS,OTROS PROVEEDORES
96732421,C168,OTRAS MARCAS,P4872
94325700,C158,M5397,P7638
94967484,C158,M40,P7638
90113376,C158,M9038,P7187
91221649,C158,M9038,P7187
91721616,C158,OTRAS MARCAS,OTROS PROVEEDORES
93110940,C158,OTRAS MARCAS,OTROS PROVEEDORES
99788223,C920,M991,P4872
91264316,C749,M991,P4872
98702664,C749,M991,P4872
98353552,C920,M991,P4872
96643775,C168,OTRAS MARCAS,OTROS PROVEEDORES
96186353,C158,OTRAS MARCAS,OTROS PROVEEDORES
97161919,C575,M3240,P6086
94465335,C920,M3240,P6086
95931731,C168,M3240,P6086
90707098,C457,M3240,P6086
96190034,C749,M3240,P6086
98781326,C575,M3240,P6086
94762366,C575,M3240,P6086
97094471,C457,M3240,P6086
97742227,C168,M6406,P8295
91120873,C168,M6406,P8295
92673488,C340,OTRAS MARCAS,OTROS PROVEEDORES
92700282,C158,M1645,P4207
94318042,C158,M1672,P4207
97679858,C457,M8276,P4872
94986479,C340,OTRAS MARCAS,OTROS PROVEEDORES
93545493,C353,M783,P1532
96221503,C158,OTRAS MARCAS,OTROS PROVEEDORES
97806831,C158,OTRAS MARCAS,OTROS PROVEEDORES
95782324,C575,M9037,P6496
99896212,C920,M9037,P6496
96694592,C749,M9037,P6496
95475075,C158,M9037,P6496
92143549,C457,M6800,P9774
93534029,C457,M536,P9514
91263083,C353,M9056,OTROS PROVEEDORES
91155195,C353,M6318,P4872
90969419,C168,M7806,P1177
91861648,C340,OTRAS MARCAS,OTROS PROVEEDORES
91603625,C575,OTRAS MARCAS,OTROS PROVEEDORES
94104946,C158,OTRAS MARCAS,OTROS PROVEEDORES
98587796,C340,OTRAS MARCAS,OTROS PROVEEDORES
94356176,C749,M536,P9514
96704952,C920,OTRAS MARCAS,OTROS PROVEEDORES
97409970,C749,OTRAS MARCAS,OTROS PROVEEDORES
97565902,C158,M5702,P3214
98653276,C457,OTRAS MARCAS,OTROS PROVEEDORES
92167533,C920,OTRAS MARCAS,OTROS PROVEEDORES
92019070,C457,M9037,P6496
92683363,C457,M9424,P4872
90501619,C920,M9037,P6496
92291834,C920,M9037,P6496
93260690,C158,M9037,P6496
91711406,C575,M11,P6496
94658717,C353,M3119,P4872
90353791,C353,M7054,P1832
93752449,C457,M7054,P1832
94587209,C457,M6154,P1832
91656760,C353,M4443,P9965
93186318,C353,M7926,P9965
98583337,C353,OTRAS MARCAS,OTROS PROVEEDORES
96670074,C353,M6800,P9774
93691714,C920,M6800,P9774
93416032,C749,OTRAS MARCAS,OTROS PROVEEDORES
99900320,C575,M3959,P4872
98829146,C457,M8276,P4872
98728577,C575,OTRAS MARCAS,P4872
99103475,C575,M3959,P4872
91600910,C457,M8276,P4872
97755233,C920,M8276,P4872
90052693,C920,M8276,P4872
95750309,C575,OTRAS MARCAS,P4872
91409286,C575,OTRAS MARCAS,P4872
94950451,C457,M8276,P4872
99475925,C457,M9424,P4872
96886642,C457,M270,P4872
93707920,C457,M9424,P4872
96786645,C457,M6183,P2214
97138471,C457,M9526,P756
96978361,C575,OTRAS MARCAS,OTROS PROVEEDORES
91882792,C457,M9424,P4872
95053828,C575,OTRAS MARCAS,OTROS PROVEEDORES
96234563,C457,M387,P9224
96906280,C457,M783,P1532
92638793,C457,M783,P1532
99528487,C457,M7695,P1532
96588405,C457,M783,P1532
92072283,C749,M783,P1532
91649049,C340,OTRAS MARCAS,OTROS PROVEEDORES
90759413,C920,M6912,P2962
90672127,C353,OTRAS MARCAS,OTROS PROVEEDORES
97076619,C340,M1433,P9292
94099215,C158,OTRAS MARCAS,OTROS PROVEEDORES
91133496,C749,OTRAS MARCAS,OTROS PROVEEDORES
99361630,C749,OTRAS MARCAS,OTROS PROVEEDORES
92579606,C749,OTRAS MARCAS,OTROS PROVEEDORES
91788997,C457,M1420,P100
93536972,C168,M8458,P4112
91810753,C168,M8458,P4112
94965377,C168,M8458,P4112
94379090,C575,M8458,P4112
98038819,C168,M8458,P4112
91764626,C340,M9517,P2462
90373808,C920,M1582,P9140
91494971,C457,M3754,P7131
96290656,C340,M7022,P1218
94231433,C340,OTRAS MARCAS,OTROS PROVEEDORES
99377473,C457,M1154,OTROS PROVEEDORES
91324235,C749,OTRAS MARCAS,OTROS PROVEEDORES
94962973,C340,M9078,P2656
90642569,C749,M6041,P4867
96722022,C457,M8577,P5386
90882260,C340,OTRAS MARCAS,OTROS PROVEEDORES
92817372,C158,OTRAS MARCAS,OTROS PROVEEDORES
93339985,C749,M4635,P1434
90601491,C920,M4635,P1434
99499170,C749,OTRAS MARCAS,OTROS PROVEEDORES
96285677,C575,OTRAS MARCAS,OTROS PROVEEDORES
96852171,C158,OTRAS MARCAS,OTROS PROVEEDORES
90885399,C575,M5951,OTROS PROVEEDORES
97459004,C575,OTRAS MARCAS,OTROS PROVEEDORES
94266241,C457,OTRAS MARCAS,OTROS PROVEEDORES
92358793,C457,OTRAS MARCAS,OTROS PROVEEDORES
92310081,C575,OTRAS MARCAS,OTROS PROVEEDORES
93771456,C749,OTRAS MARCAS,OTROS PROVEEDORES
99540557,C575,OTRAS MARCAS,OTROS PROVEEDORES
97255393,C158,OTRAS MARCAS,OTROS PROVEEDORES
91267839,C749,OTRAS MARCAS,OTROS PROVEEDORES
94325913,C158,OTRAS MARCAS,OTROS PROVEEDORES
99230432,C749,M9863,P5503
99446480,C457,OTRAS MARCAS,OTROS PROVEEDORES
91587494,C457,OTRAS MARCAS,P992
97868970,C575,OTRAS MARCAS,OTROS PROVEEDORES
99992507,C575,OTRAS MARCAS,OTROS PROVEEDORES
91351788,C920,OTRAS MARCAS,OTROS PROVEEDORES
94694898,C158,OTRAS MARCAS,OTROS PROVEEDORES
95533945,C168,M7806,P1177
91266589,C457,M8276,P4872
99221760,C749,M1481,P2285
91013609,C920,OTRAS MARCAS,OTROS PROVEEDORES
97081737,C158,M9038,P7187
96849796,C158,M7200,P7713
99556219,C158,OTRAS MARCAS,OTROS PROVEEDORES
92606004,C920,M991,P4872
97005094,C340,OTRAS MARCAS,OTROS PROVEEDORES
95639167,C749,M3240,P6086
99574423,C575,M3240,P6086
98634818,C749,M8458,P4112
94264637,C168,M8458,P4112
90518626,C749,M9702,P7358
96351011,C749,M3240,P6086
93291066,C340,OTRAS MARCAS,OTROS PROVEEDORES
92349324,C158,OTRAS MARCAS,OTROS PROVEEDORES
99339425,C158,OTRAS MARCAS,OTROS PROVEEDORES
91551160,C158,OTRAS MARCAS,OTROS PROVEEDORES
97148251,C158,OTRAS MARCAS,OTROS PROVEEDORES
93259565,C158,OTRAS MARCAS,OTROS PROVEEDORES
93181931,C158,OTRAS MARCAS,OTROS PROVEEDORES
94598306,C920,M991,P4872
91796094,C749,M991,P4872
97192154,C340,M6800,P9774
98978241,C920,M991,P4872
96555305,C920,M991,P4872
98512392,C920,M3240,P6086
95964435,C575,M3240,P6086
96382039,C749,M3240,P6086
90052604,C749,M3240,P6086
97062247,C457,M3240,P6086
98247043,C457,M3240,P6086
96775381,C457,M3240,P6086
97663678,C457,M3240,P6086
92756918,C457,M3240,P6086
94267943,C457,M3240,P6086
94384269,C457,M3240,P6086
92858598,C168,M3240,P6086
97418059,C168,M1288,OTROS PROVEEDORES
98098094,C158,OTRAS MARCAS,OTROS PROVEEDORES
97908349,C158,M2841,P6350
95544759,C353,M4098,P2048
94818020,C749,M9663,OTROS PROVEEDORES
98956077,C749,M6800,P9774
94569028,C353,M3119,P4872
95110339,C457,M8276,P4872
91222582,C749,OTRAS MARCAS,P8299
94392975,C749,M6912,P2962
94486246,C158,OTRAS MARCAS,OTROS PROVEEDORES
92221275,C749,M9702,P7358
94931332,C353,M2090,P100
99101865,C575,OTRAS MARCAS,OTROS PROVEEDORES
98360365,C575,OTRAS MARCAS,OTROS PROVEEDORES
95838139,C457,M1948,P9774
94038156,C457,M8276,P4872
98526323,C457,M783,P1532
90711825,C457,M783,P1532
95183786,C749,M536,P9514
97379814,C158,OTRAS MARCAS,OTROS PROVEEDORES
91749962,C158,OTRAS MARCAS,OTROS PROVEEDORES
92438475,C353,M6154,P1832
97679794,C353,OTRAS MARCAS,P9774
90693442,C457,M8276,P4872
98511340,C457,M783,P1532
92885903,C158,M1418,OTROS PROVEEDORES
96530777,C353,OTRAS MARCAS,OTROS PROVEEDORES
97272461,C158,M1204,P7638
93228731,C158,OTRAS MARCAS,OTROS PROVEEDORES
91475890,C457,OTRAS MARCAS,OTROS PROVEEDORES
