CODIGO_BARRAS_SKU,CATEGORIA_SKU,MARCA_SKU,PROVEEDOR_SKU,KILOS_POR_UNIDAD_SKU
97114106,Lácteos,chefprep,chefprep,0.225
99705794,Bebidas S/Alcohol,economicfeast,economicfeast,0.4
98008795,Higiene,economicfeast,economicfeast,0.36
97042258,Bebidas S/Alcohol,economicfeast,economicfeast,0.9
99414437,Merienda-Desayuno,chefprep,chefprep,0.96
93300297,Merienda-Desayuno,chefprep,chefprep,0.32
92044524,Lácteos,conservadasaludable,conservadasaludable,0.19
98472188,Cuidado Hogar,cleansweep,cleansweep,2.5
94965377,Cuidado Hogar,cleansweep,cleansweep,1
91953792,Cuidado Hogar,cleansweep,cleansweep,0.5
92692745,Cuidado Hogar,cleansweep,cleansweep,0.5
97971498,Lácteos,chefprep,chefprep,0.45
98259781,Merienda-Desayuno,menupreparado,aquavodka,0.276
91171679,Lácteos,ricobarato,chefprep,0.19
92949736,Bebidas C/Alcohol,economicfeast,economicfeast,0.42
96379116,Comidas Preparadas,cocinaexpress,cocinaexpress,1
99840124,Cuidado de la ropa,economicfeast,economicfeast,0.3
90243774,Cuidado de la ropa,economicfeast,economicfeast,0.4
98126674,Cuidado de la ropa,economicfeast,economicfeast,0.5
94364678,Cuidado de la ropa,economicfeast,economicfeast,0.5
91850639,Cuidado de la ropa,saboroasis,economicfeast,0.4
95311084,Cuidado de la ropa,economicfeast,economicfeast,0.4
95067520,Bebidas S/Alcohol,economicfeast,economicfeast,1.1
95838573,Bebidas S/Alcohol,economicfeast,economicfeast,0.3
90501619,Bebidas S/Alcohol,economicfeast,economicfeast,0.48
90666377,Bebidas S/Alcohol,saboroasis,economicfeast,0.35
91673817,Bebidas C/Alcohol,economicfeast,economicfeast,0.42
94219841,Bebidas C/Alcohol,economicfeast,economicfeast,0.42
97114106,Lácteos,chefprep,chefprep,0.225
93545493,Lácteos,meriendaequilibrio,meriendaequilibrio,0.19
98032531,Merienda-Desayuno,ricobarato,chefprep,0.112
96012295,Merienda-Desayuno,ricobarato,chefprep,0.276
98227042,Bebidas S/Alcohol,chefprep,chefprep,0.76
98522505,Merienda-Desayuno,chefprep,chefprep,0.32
96466920,Merienda-Desayuno,chefprep,chefprep,0.16
90465790,Bebidas S/Alcohol,ricobarato,chefprep,1.5
90627216,Merienda-Desayuno,chefprep,chefprep,0.112
91831012,Merienda-Desayuno,chefprep,chefprep,0.276
96730603,Merienda-Desayuno,chefprep,chefprep,0.224
96249078,Merienda-Desayuno,chefprep,chefprep,0.25
95789929,Merienda-Desayuno,chefprep,chefprep,0.24
93691714,Bebidas S/Alcohol,chefprep,chefprep,0.26
91810753,Cuidado Hogar,cleansweep,cleansweep,1
93298291,Cuidado Hogar,cleansweep,cleansweep,0.72
95498609,Cuidado Hogar,cleansweep,cleansweep,2.5
98011753,Cuidado Hogar,cleansweep,cleansweep,0.4
97240076,Cuidado Hogar,cleansweep,cleansweep,1.5
94031087,Cuidado Hogar,cleansweep,cleansweep,1.5
94896633,Cuidado Hogar,cleansweep,cleansweep,0.6
95784835,Cuidado Hogar,cleansweep,cleansweep,1.5
91802645,Cuidado Hogar,cleansweep,cleansweep,0.5
94168007,Cuidado Hogar,pureglow,pureglow,2.5
96059005,Cuidado Hogar,cleansweep,cleansweep,0.72
95000559,Cuidado Hogar,cleansweep,cleansweep,0.72
95544759,Lácteos,conservadasaludable,conservadasaludable,0.19
96940309,Lácteos,conservadasaludable,conservadasaludable,0.45
99085161,Cuidado Hogar,pureglow,pureglow,2
99558213,Cuidado Hogar,pureglow,pureglow,0.5
95592524,Cuidado Hogar,pureglow,pureglow,1.1
95782324,Cuidado de la ropa,economicfeast,economicfeast,0.3
95686521,Cuidado de la ropa,economicfeast,economicfeast,0.4
90243774,Cuidado de la ropa,economicfeast,economicfeast,0.4
98008795,Higiene,economicfeast,economicfeast,0.36
95311084,Cuidado de la ropa,economicfeast,economicfeast,0.4
95067520,Bebidas S/Alcohol,economicfeast,economicfeast,1.1
91850639,Cuidado de la ropa,saboroasis,economicfeast,0.4
92949736,Bebidas C/Alcohol,economicfeast,economicfeast,0.42
96386807,Bebidas S/Alcohol,economicfeast,economicfeast,1.1
90949176,Higiene,economicfeast,economicfeast,0.36
93235084,Bebidas C/Alcohol,economicfeast,economicfeast,0.44
99153382,Cuidado de la ropa,economicfeast,economicfeast,0.4
94295335,Lácteos,preparadapro,ricomeal,0.225
99979144,Lácteos,preparadapro,ricomeal,0.45
91184787,Lácteos,preparadapro,ricomeal,0.19
99474676,Lácteos,preparadapro,ricomeal,0.19
95873385,Lácteos,ricomeal,ricomeal,0.225
94076328,Bebidas C/Alcohol,jugopop,jugopop,0.3
93001483,Bebidas C/Alcohol,jugopop,jugopop,0.3
97177104,Lácteos,chefprep,chefprep,0.87
91159521,Bebidas S/Alcohol,chefprep,chefprep,0.38
97971498,Lácteos,chefprep,chefprep,0.45
91171679,Lácteos,ricobarato,chefprep,0.19
96466920,Merienda-Desayuno,chefprep,chefprep,0.16
93300297,Merienda-Desayuno,chefprep,chefprep,0.32
90627216,Merienda-Desayuno,chefprep,chefprep,0.112
96012295,Merienda-Desayuno,ricobarato,chefprep,0.276
96730603,Merienda-Desayuno,chefprep,chefprep,0.224
98591969,Merienda-Desayuno,chefprep,chefprep,0.32
90502171,Merienda-Desayuno,chefprep,chefprep,0.828
99840124,Cuidado de la ropa,economicfeast,economicfeast,0.3
99705794,Bebidas S/Alcohol,economicfeast,economicfeast,0.4
94597206,Bebidas S/Alcohol,saboroasis,economicfeast,0.8
99941036,Bebidas S/Alcohol,economicfeast,economicfeast,0.4
90666377,Bebidas S/Alcohol,saboroasis,economicfeast,0.35
99896212,Bebidas S/Alcohol,economicfeast,economicfeast,0.4
95838573,Bebidas S/Alcohol,economicfeast,economicfeast,0.3
98126674,Cuidado de la ropa,economicfeast,economicfeast,0.5
91673817,Bebidas C/Alcohol,economicfeast,economicfeast,0.42
93702509,Bebidas S/Alcohol,economicfeast,economicfeast,0.4
92201378,Bebidas S/Alcohol,economicfeast,economicfeast,0.48
98227042,Bebidas S/Alcohol,chefprep,chefprep,0.76
97491304,Bebidas S/Alcohol,economicfeast,economicfeast,0.4
94537044,Bebidas C/Alcohol,economicfeast,economicfeast,0.44
98522505,Merienda-Desayuno,chefprep,chefprep,0.32
90855717,Lácteos,ricomeal,ricomeal,0.225
99448030,Lácteos,preparadapro,ricomeal,0.9
91831012,Merienda-Desayuno,chefprep,chefprep,0.276
94716254,Merienda-Desayuno,ricomeal,ricomeal,0.114
95269594,Bebidas S/Alcohol,preparadapro,ricomeal,0.38
92831741,Merienda-Desayuno,preparadapro,ricomeal,0.16
90504023,Merienda-Desayuno,preparadapro,ricomeal,0.32
97106846,Cuidado Hogar,preparadapro,ricomeal,0.7
99465611,Comidas Preparadas,rapidopreparado,rapidopreparado,0.5
98032531,Merienda-Desayuno,ricobarato,chefprep,0.112
91063112,Bebidas S/Alcohol,chefprep,chefprep,0.38
94795129,Merienda-Desayuno,chefprep,chefprep,1.6
99414437,Merienda-Desayuno,chefprep,chefprep,0.96
90465790,Bebidas S/Alcohol,ricobarato,chefprep,1.5
96249078,Merienda-Desayuno,chefprep,chefprep,0.25
97392072,Cuidado de la ropa,economicfeast,economicfeast,0.5
97739513,Cuidado de la ropa,economicfeast,economicfeast,0.3
98804537,Cuidado de la ropa,economicfeast,economicfeast,0.4
95108900,Lácteos,chefprep,chefprep,0.19
90119292,Bebidas S/Alcohol,chefprep,chefprep,1
93166254,Lácteos,saboreslistos,saboreslistos,0.2
94104412,Comidas Preparadas,detodo,detodo,1
97139702,Cuidado de la ropa,aquavodka,aquavodka,2.5
96173768,Cuidado de la ropa,aquavodka,aquavodka,2.5
96098419,Cuidado de la ropa,aquavodka,aquavodka,2.5
93392950,Lácteos,buenauntables,aquavodka,0.225
95517329,Lácteos,buenauntables,aquavodka,0.45
99375502,Merienda-Desayuno,menupreparado,aquavodka,0.226
97208224,Lácteos,buenauntables,aquavodka,0.25
91229251,Lácteos,buenauntables,aquavodka,1.116
96917251,Merienda-Desayuno,menupreparado,aquavodka,0.24
97679858,Merienda-Desayuno,menupreparado,aquavodka,0.32
94862473,Merienda-Desayuno,menupreparado,aquavodka,0.11
92607072,Merienda-Desayuno,menupreparado,aquavodka,1.6
90466125,Merienda-Desayuno,morningdelight,aquavodka,0.32
93525940,Higiene,menupreparado,aquavodka,0.4
99980092,Lácteos,conservadamanteca,aquavodka,0.225
97413010,Lácteos,conservadamanteca,aquavodka,0.45
91871873,Cuidado de la ropa,aquavodka,aquavodka,0.4
97773416,Cuidado de la ropa,aquavodka,aquavodka,0.5
95115252,Bebidas C/Alcohol,aquavodka,aquavodka,0.19
92904986,Bebidas C/Alcohol,aquavodka,aquavodka,0.19
97278665,Bebidas C/Alcohol,aquavodka,aquavodka,0.19
96957102,Cuidado de la ropa,aquavodka,aquavodka,0.55
96100115,Cuidado de la ropa,aquavodka,aquavodka,0.55
97664681,Cuidado de la ropa,aquavodka,aquavodka,0.4
90679484,Lácteos,buenauntables,aquavodka,0.225
95052258,Merienda-Desayuno,menupreparado,aquavodka,1.25
97322956,Merienda-Desayuno,menupreparado,aquavodka,0.32
96595327,Merienda-Desayuno,menupreparado,aquavodka,0.16
92938167,Bebidas C/Alcohol,aquavodka,aquavodka,0.19
98576986,Bebidas C/Alcohol,aquavodka,aquavodka,0.19
91272804,Bebidas C/Alcohol,aquavodka,aquavodka,0.19
91110583,Lácteos,buenauntables,aquavodka,0.19
94870312,Lácteos,buenauntables,aquavodka,0.23
91984643,Lácteos,buenauntables,aquavodka,0.46
92810669,Lácteos,conservadamanteca,aquavodka,0.23
93347655,Cuidado de la ropa,aquavodka,aquavodka,0.4
97920457,Merienda-Desayuno,morningdelight,aquavodka,0.32
91001177,Merienda-Desayuno,morningdelight,aquavodka,0.64
96875588,Cuidado de la ropa,aquavodka,aquavodka,0.55
91900377,Cuidado de la ropa,aquavodka,aquavodka,0.45
90899436,Cuidado de la ropa,aquavodka,aquavodka,0.35
90505630,Merienda-Desayuno,menupreparado,aquavodka,0.288
96856011,Merienda-Desayuno,menupreparado,aquavodka,1.6
95183683,Merienda-Desayuno,cocinaexpress,cocinaexpress,0.114
90362311,Lácteos,OTRAS MARCAS,OTROS PROVEEDORES,0.19
96689579,Lácteos,cocinaexpress,cocinaexpress,0.225
90011225,Comidas Preparadas,cocinaexpress,cocinaexpress,0.5
96900450,Lácteos,OTRAS MARCAS,OTROS PROVEEDORES,0.225
92283570,Lácteos,meriendaequilibrio,meriendaequilibrio,0.19
92060710,Merienda-Desayuno,meriendaequilibrio,meriendaequilibrio,0.276
90713273,Comidas Preparadas,chefprep,chefprep,0.5
90156306,Comidas Preparadas,OTRAS MARCAS,OTROS PROVEEDORES,0.5
94020536,Cuidado de la ropa,aquavodka,aquavodka,2.5
91025631,Cuidado de la ropa,aquavodka,aquavodka,0.3
99505048,Lácteos,milkmart,saboreslistos,0.2
98658449,Comidas Preparadas,detodo,detodo,0.5
98259781,Merienda-Desayuno,menupreparado,aquavodka,0.276
95488222,Lácteos,buenasaludable,aquavodka,0.19
90466659,Merienda-Desayuno,chefprep,aquavodka,0.11
93295305,Merienda-Desayuno,menupreparado,aquavodka,0.16
93855244,Merienda-Desayuno,meriendaequilibrio,meriendaequilibrio,0.14
96006192,Cuidado de la ropa,aquavodka,aquavodka,0.3
93959345,Cuidado de la ropa,aquavodka,aquavodka,0.3
90979352,Cuidado de la ropa,aquavodka,aquavodka,0.3
99256300,Cuidado de la ropa,aquavodka,aquavodka,0.35
95257206,Cuidado de la ropa,aquavodka,aquavodka,2.5
98754257,Cuidado de la ropa,aquavodka,aquavodka,2.5
90144114,Cuidado de la ropa,aquavodka,aquavodka,2
99157640,Cuidado de la ropa,aquavodka,aquavodka,2.5
91373642,Merienda-Desayuno,menupreparado,aquavodka,0.2
98420362,Lácteos,butterbay,cocinaexpress,0.19
98266620,Merienda-Desayuno,menupreparado,aquavodka,5
92763120,Merienda-Desayuno,menupreparado,aquavodka,4.968
95847274,Merienda-Desayuno,cocinaexpress,cocinaexpress,0.167
99359368,Merienda-Desayuno,menupreparado,aquavodka,0.48
90307131,Merienda-Desayuno,menupreparado,aquavodka,0.96
99825311,Merienda-Desayuno,chefprep,aquavodka,0.276
98089419,Merienda-Desayuno,menupreparado,aquavodka,0.2
97179423,Merienda-Desayuno,cocinaexpress,cocinaexpress,0.114
92084853,Merienda-Desayuno,meriendaequilibrio,meriendaequilibrio,0.996
94539472,Merienda-Desayuno,meriendaequilibrio,meriendaequilibrio,0.11
97898968,Merienda-Desayuno,chefprep,aquavodka,0.22
97793088,Merienda-Desayuno,menupreparado,aquavodka,0.32
98056593,Cuidado de la ropa,aquavodka,aquavodka,0.5
91957447,Cuidado de la ropa,aquavodka,aquavodka,0.4
99835004,Bebidas C/Alcohol,aquavodka,aquavodka,0.19
95174027,Merienda-Desayuno,morningdelight,aquavodka,0.32
90567167,Merienda-Desayuno,menupreparado,aquavodka,0.276
94219198,Lácteos,conservadamanteca,aquavodka,0.46
98371716,Cuidado de la ropa,aquavodka,aquavodka,1.1
97194430,Cuidado Hogar,freshglow,casasaludable,2.5
96379116,Comidas Preparadas,cocinaexpress,cocinaexpress,1
93649198,Lácteos,purasaludable,purasaludable,0.19
93833280,Cuidado de la ropa,aquavodka,aquavodka,0.55
90726830,Merienda-Desayuno,menupreparado,aquavodka,0.16
92506484,Merienda-Desayuno,meriendaequilibrio,meriendaequilibrio,0.24
90451616,Merienda-Desayuno,meriendaequilibrio,meriendaequilibrio,0.11
95224468,Lácteos,conservadaserena,conservadaserena,0.19
92044524,Lácteos,conservadasaludable,conservadasaludable,0.19
91377468,Lácteos,OTRAS MARCAS,OTROS PROVEEDORES,0.19
97904739,Lácteos,puralacteos,OTROS PROVEEDORES,0.42
90797944,Cuidado Hogar,cuidadolimpio,cuidadolimpio,0.5
97240076,Cuidado Hogar,cleansweep,cleansweep,1.5
98472188,Cuidado Hogar,cleansweep,cleansweep,2.5
91953792,Cuidado Hogar,cleansweep,cleansweep,0.5
95784835,Cuidado Hogar,cleansweep,cleansweep,1.5
91802645,Cuidado Hogar,cleansweep,cleansweep,0.5
96059005,Cuidado Hogar,cleansweep,cleansweep,0.72
95000559,Cuidado Hogar,cleansweep,cleansweep,0.72
98265980,Cuidado Hogar,cleansweep,cleansweep,2.5
90469814,Cuidado Hogar,cleansweep,cleansweep,0.6
95202335,Cuidado Hogar,cleansweep,cleansweep,1.4
95366264,Cuidado Hogar,cleansweep,cleansweep,0.7
94110274,Cuidado Hogar,cleansweep,cleansweep,0.7
90255037,Cuidado Hogar,cleansweep,cleansweep,1.2
95754693,Cuidado Hogar,cleansweep,cleansweep,0.6
96390776,Cuidado Hogar,cleansweep,cleansweep,0.7
99678089,Comidas Preparadas,rapidopreparado,rapidopreparado,0.5
99781587,Comidas Preparadas,rapidopreparado,rapidopreparado,0.5
98691391,Lácteos,fuertevida,fuertevida,0.19
97912811,Lácteos,serenadairy,fuertevida,0.19
93128378,Comidas Preparadas,comidapreparada,comidapreparada,0.5
94100240,Bebidas S/Alcohol,drinkfusion,drinkfusion,0.4
98711745,Bebidas S/Alcohol,drinkfusion,drinkfusion,1
96981561,Cuidado de la ropa,gaseojuice,gaseojuice,0.5
97751518,Cuidado de la ropa,gaseojuice,gaseojuice,0.5
95678444,Cuidado de la ropa,aquavodka,aquavodka,0.4
97029831,Merienda-Desayuno,menupreparado,aquavodka,0.32
94756162,Bebidas S/Alcohol,detodo,detodo,0.4
94508800,Higiene,ricolimpio,thirstquencher,0.3
90242393,Lácteos,chocolatadavitamina,chocolatadavitamina,0.19
96147040,Comidas Preparadas,OTRAS MARCAS,OTROS PROVEEDORES,1
94927904,Lácteos,eettreats,eettreats,0.45
93298291,Cuidado Hogar,cleansweep,cleansweep,0.72
98011753,Cuidado Hogar,cleansweep,cleansweep,0.4
94031087,Cuidado Hogar,cleansweep,cleansweep,1.5
94896633,Cuidado Hogar,cleansweep,cleansweep,0.6
92692745,Cuidado Hogar,cleansweep,cleansweep,0.5
94195774,Cuidado Hogar,cleansweep,cleansweep,0.5
96217156,Cuidado Hogar,cleansweep,cleansweep,0.4
90496313,Comidas Preparadas,rapidopreparado,rapidopreparado,0.5
99605647,Lácteos,OTRAS MARCAS,OTROS PROVEEDORES,0.19
95505603,Higiene,detodo,detodo,0.4
90551879,Higiene,detodo,detodo,1
91441449,Bebidas S/Alcohol,detodo,detodo,0.4
93862285,Merienda-Desayuno,saludablemerienda,saludablemerienda,0.2
92987982,Cuidado de la ropa,gaseojuice,gaseojuice,0.5
93225035,Cuidado de la ropa,limpiodemandante,limpiodemandante,0.3
91983744,Cuidado de la ropa,limpiodemandante,limpiodemandante,0.3
96752969,Cuidado Hogar,higienefamiliar,higienefamiliar,0.7
99722603,Cuidado Hogar,higienefamiliar,higienefamiliar,2.5
94325124,Cuidado Hogar,pureglow,pureglow,0.7
95494187,Cuidado Hogar,pureglow,pureglow,1.1
91181417,Cuidado de la ropa,pureglow,pureglow,0.5
93847047,Cuidado Hogar,pureglow,pureglow,0.7
91320965,Cuidado Hogar,pureglow,pureglow,0.7
99158273,Cuidado Hogar,pureglow,pureglow,0.7
94378206,Cuidado Hogar,pureglow,pureglow,0.7
96906800,Bebidas C/Alcohol,fizzymix,fizzymix,0.22
93054791,Bebidas C/Alcohol,fizzymix,fizzymix,0.16
90440545,Bebidas C/Alcohol,fizzymix,fizzymix,0.32
91113488,Bebidas S/Alcohol,meriendafit,aquavodka,0.72
93056210,Bebidas S/Alcohol,meriendafit,aquavodka,3
94598306,Bebidas S/Alcohol,meriendafit,aquavodka,0.3
98978241,Bebidas S/Alcohol,meriendafit,aquavodka,3
96032271,Bebidas C/Alcohol,tasteburst,aquavodka,0.226
97614025,Cuidado de la ropa,tasteburst,aquavodka,0.25
94597206,Bebidas S/Alcohol,saboroasis,economicfeast,0.8
91159521,Bebidas S/Alcohol,chefprep,chefprep,0.38
91242712,Lácteos,conservadasaludable,conservadasaludable,0.225
97042258,Bebidas S/Alcohol,economicfeast,economicfeast,0.9
94219841,Bebidas C/Alcohol,economicfeast,economicfeast,0.42
91937735,Merienda-Desayuno,ricomeal,ricomeal,0.226
90899064,Merienda-Desayuno,preparadapro,ricomeal,0.114
96929395,Cuidado Hogar,preparadapro,ricomeal,0.38
98250894,Bebidas C/Alcohol,jugopop,jugopop,0.3
97114106,Lácteos,chefprep,chefprep,0.225
90579796,Merienda-Desayuno,menupreparado,aquavodka,0.288
93634233,Cuidado de la ropa,aquavodka,aquavodka,0.35
90704353,Cuidado de la ropa,aquavodka,aquavodka,0.55
95110339,Merienda-Desayuno,menupreparado,aquavodka,0.24
97043962,Higiene,detodo,detodo,0.54
90735941,Cuidado de la ropa,limpiodemandante,limpiodemandante,0.3
91242712,Lácteos,conservadasaludable,conservadasaludable,0.225
95972652,Cuidado Hogar,pureglow,pureglow,0.7
92609834,Higiene,meriendafit,aquavodka,0.1
91063112,Bebidas S/Alcohol,chefprep,chefprep,0.38
97971498,Lácteos,chefprep,chefprep,0.45
95108900,Lácteos,chefprep,chefprep,0.19
94379090,Cuidado de la ropa,cleansweep,cleansweep,2
94364678,Cuidado de la ropa,economicfeast,economicfeast,0.5
99909834,Cuidado Hogar,preparadapro,ricomeal,0.7
95789929,Merienda-Desayuno,chefprep,chefprep,0.24
94248970,Higiene,menupreparado,aquavodka,0.2
94038156,Merienda-Desayuno,menupreparado,aquavodka,0.2
99441832,Lácteos,buenauntables,aquavodka,0.45
92671531,Cuidado de la ropa,aquavodka,aquavodka,0.3
95834894,Cuidado de la ropa,aquavodka,aquavodka,0.35
96710341,Lácteos,eettreats,eettreats,0.225
95498609,Cuidado Hogar,cleansweep,cleansweep,2.5
99852325,Bebidas S/Alcohol,detodo,detodo,0.8
99852242,Merienda-Desayuno,baratorico,vitalsnack,0.22
96940309,Lácteos,conservadasaludable,conservadasaludable,0.45
93486117,Lácteos,OTRAS MARCAS,OTROS PROVEEDORES,0.19
96732421,Cuidado Hogar,OTRAS MARCAS,aquavodka,2
91264316,Higiene,meriendafit,aquavodka,0.1
92673488,Comidas Preparadas,OTRAS MARCAS,OTROS PROVEEDORES,1
93545493,Lácteos,meriendaequilibrio,meriendaequilibrio,0.19
95782324,Cuidado de la ropa,economicfeast,economicfeast,0.3
90501619,Bebidas S/Alcohol,economicfeast,economicfeast,0.48
92291834,Bebidas S/Alcohol,economicfeast,economicfeast,0.9
91711406,Cuidado de la ropa,saboroasis,economicfeast,0.4
93691714,Bebidas S/Alcohol,chefprep,chefprep,0.26
94950451,Merienda-Desayuno,menupreparado,aquavodka,0.16
96886642,Merienda-Desayuno,meriendaenergetica,aquavodka,0.11
98511340,Merienda-Desayuno,meriendaequilibrio,meriendaequilibrio,0.332
91788997,Merienda-Desayuno,eettreats,eettreats,0.32
94965377,Cuidado Hogar,cleansweep,cleansweep,1
94379090,Cuidado de la ropa,cleansweep,cleansweep,2
98038819,Cuidado Hogar,cleansweep,cleansweep,0.6
90373808,Bebidas S/Alcohol,detodo,detodo,1
92519680,Cuidado Hogar,cleansweep,cleansweep,0.7
96217156,Cuidado Hogar,cleansweep,cleansweep,0.4
90516261,Merienda-Desayuno,baratorico,vitalsnack,0.11
95086397,Merienda-Desayuno,menupreparado,aquavodka,4.8
93260690,Bebidas C/Alcohol,economicfeast,economicfeast,0.44
95812552,Cuidado Hogar,casalimpia,casalimpia,0.75
93227313,Cuidado Hogar,higienefamiliar,higienefamiliar,2.5
90227815,Bebidas S/Alcohol,meriendafit,aquavodka,0.9
96555305,Bebidas S/Alcohol,meriendafit,aquavodka,3
94295335,Lácteos,preparadapro,ricomeal,0.225
98663890,Cuidado Hogar,cleansweep,cleansweep,0.6
90178563,Comidas Preparadas,platolisto,platolisto,1
93930307,Lácteos,buenauntables,aquavodka,0.19
95420839,Cuidado de la ropa,aquavodka,aquavodka,1
94967484,Bebidas C/Alcohol,fizzymix,fizzymix,0.24
97679858,Merienda-Desayuno,menupreparado,aquavodka,0.32
99896212,Bebidas S/Alcohol,economicfeast,economicfeast,0.4
93707920,Merienda-Desayuno,morningdelight,aquavodka,0.25
96588405,Merienda-Desayuno,meriendaequilibrio,meriendaequilibrio,0.332
97076619,Comidas Preparadas,mealbox,mealbox,0.5
91810753,Cuidado Hogar,cleansweep,cleansweep,1
91796094,Higiene,meriendafit,aquavodka,0.48
90693442,Merienda-Desayuno,menupreparado,aquavodka,0.96
95544759,Lácteos,conservadasaludable,conservadasaludable,0.19
95533945,Cuidado Hogar,pureglow,pureglow,0.7
94962973,Comidas Preparadas,platolisto,platolisto,0.5
